case_id,task,resource,start_time,completion_time
start0,start,,2020-01-01 00:00:00.000000,2020-01-01 00:00:00.000000
start0,A,r1,2020-01-01 00:00:00.000000,2020-01-01 00:00:06.000000
start0,C,r2,2020-01-01 00:00:06.000000,2020-01-01 00:00:12.000000
start0,B,r1,2020-01-01 00:00:06.000000,2020-01-01 00:00:12.000000
start0,E,r2,2020-01-01 00:00:12.000000,2020-01-01 00:00:18.000000
start0,F,r1,2020-01-01 00:00:18.000000,2020-01-01 00:00:24.000000
start0,end,,2020-01-01 00:00:24.000000,2020-01-01 00:00:24.000000
start1,start,,2020-01-01 00:01:00.000000,2020-01-01 00:01:00.000000
start1,A,r2,2020-01-01 00:01:00.000000,2020-01-01 00:01:06.000000
start1,C,r1,2020-01-01 00:01:06.000000,2020-01-01 00:01:12.000000
start1,B,r2,2020-01-01 00:01:06.000000,2020-01-01 00:01:12.000000
start1,E,r1,2020-01-01 00:01:12.000000,2020-01-01 00:01:18.000000
start1,F,r2,2020-01-01 00:01:18.000000,2020-01-01 00:01:24.000000
start1,end,,2020-01-01 00:01:24.000000,2020-01-01 00:01:24.000000
start2,start,,2020-01-01 00:02:00.000000,2020-01-01 00:02:00.000000
start2,A,r1,2020-01-01 00:02:00.000000,2020-01-01 00:02:06.000000
start2,B,r2,2020-01-01 00:02:06.000000,2020-01-01 00:02:12.000000
start2,C,r1,2020-01-01 00:02:06.000000,2020-01-01 00:02:12.000000
start2,D,r2,2020-01-01 00:02:12.000000,2020-01-01 00:02:18.000000
start2,F,r1,2020-01-01 00:02:18.000000,2020-01-01 00:02:24.000000
start2,end,,2020-01-01 00:02:24.000000,2020-01-01 00:02:24.000000
start3,start,,2020-01-01 00:03:00.000000,2020-01-01 00:03:00.000000
start3,A,r2,2020-01-01 00:03:00.000000,2020-01-01 00:03:06.000000
start3,B,r2,2020-01-01 00:03:06.000000,2020-01-01 00:03:12.000000
start3,C,r1,2020-01-01 00:03:06.000000,2020-01-01 00:03:12.000000
start3,E,r2,2020-01-01 00:03:12.000000,2020-01-01 00:03:18.000000
start3,F,r1,2020-01-01 00:03:18.000000,2020-01-01 00:03:24.000000
start3,end,,2020-01-01 00:03:24.000000,2020-01-01 00:03:24.000000
start4,start,,2020-01-01 00:04:00.000000,2020-01-01 00:04:00.000000
start4,A,r2,2020-01-01 00:04:00.000000,2020-01-01 00:04:06.000000
start4,C,r2,2020-01-01 00:04:06.000000,2020-01-01 00:04:12.000000
start4,B,r1,2020-01-01 00:04:06.000000,2020-01-01 00:04:12.000000
start4,E,r2,2020-01-01 00:04:12.000000,2020-01-01 00:04:18.000000
start4,F,r1,2020-01-01 00:04:18.000000,2020-01-01 00:04:24.000000
start4,end,,2020-01-01 00:04:24.000000,2020-01-01 00:04:24.000000
start5,start,,2020-01-01 00:05:00.000000,2020-01-01 00:05:00.000000
start5,A,r2,2020-01-01 00:05:00.000000,2020-01-01 00:05:06.000000
start5,B,r1,2020-01-01 00:05:06.000000,2020-01-01 00:05:12.000000
start5,C,r2,2020-01-01 00:05:06.000000,2020-01-01 00:05:12.000000
start5,D,r1,2020-01-01 00:05:12.000000,2020-01-01 00:05:18.000000
start5,F,r2,2020-01-01 00:05:18.000000,2020-01-01 00:05:24.000000
start5,end,,2020-01-01 00:05:24.000000,2020-01-01 00:05:24.000000
start6,start,,2020-01-01 00:06:00.000000,2020-01-01 00:06:00.000000
start6,A,r1,2020-01-01 00:06:00.000000,2020-01-01 00:06:06.000000
start6,B,r2,2020-01-01 00:06:06.000000,2020-01-01 00:06:12.000000
start6,C,r1,2020-01-01 00:06:06.000000,2020-01-01 00:06:12.000000
start6,D,r2,2020-01-01 00:06:12.000000,2020-01-01 00:06:18.000000
start6,F,r1,2020-01-01 00:06:18.000000,2020-01-01 00:06:24.000000
start6,end,,2020-01-01 00:06:24.000000,2020-01-01 00:06:24.000000
start7,start,,2020-01-01 00:07:00.000000,2020-01-01 00:07:00.000000
start7,A,r2,2020-01-01 00:07:00.000000,2020-01-01 00:07:06.000000
start7,C,r2,2020-01-01 00:07:06.000000,2020-01-01 00:07:12.000000
start7,B,r1,2020-01-01 00:07:06.000000,2020-01-01 00:07:12.000000
start7,D,r2,2020-01-01 00:07:12.000000,2020-01-01 00:07:18.000000
start7,F,r1,2020-01-01 00:07:18.000000,2020-01-01 00:07:24.000000
start7,end,,2020-01-01 00:07:24.000000,2020-01-01 00:07:24.000000
start8,start,,2020-01-01 00:08:00.000000,2020-01-01 00:08:00.000000
start8,A,r2,2020-01-01 00:08:00.000000,2020-01-01 00:08:06.000000
start8,C,r2,2020-01-01 00:08:06.000000,2020-01-01 00:08:12.000000
start8,B,r1,2020-01-01 00:08:06.000000,2020-01-01 00:08:12.000000
start8,D,r2,2020-01-01 00:08:12.000000,2020-01-01 00:08:18.000000
start8,F,r1,2020-01-01 00:08:18.000000,2020-01-01 00:08:24.000000
start8,end,,2020-01-01 00:08:24.000000,2020-01-01 00:08:24.000000
start9,start,,2020-01-01 00:09:00.000000,2020-01-01 00:09:00.000000
start9,A,r2,2020-01-01 00:09:00.000000,2020-01-01 00:09:06.000000
start9,C,r1,2020-01-01 00:09:06.000000,2020-01-01 00:09:12.000000
start9,B,r2,2020-01-01 00:09:06.000000,2020-01-01 00:09:12.000000
start9,E,r1,2020-01-01 00:09:12.000000,2020-01-01 00:09:18.000000
start9,F,r2,2020-01-01 00:09:18.000000,2020-01-01 00:09:24.000000
start9,end,,2020-01-01 00:09:24.000000,2020-01-01 00:09:24.000000
start10,start,,2020-01-01 00:10:00.000000,2020-01-01 00:10:00.000000
start10,A,r1,2020-01-01 00:10:00.000000,2020-01-01 00:10:06.000000
start10,B,r1,2020-01-01 00:10:06.000000,2020-01-01 00:10:12.000000
start10,C,r2,2020-01-01 00:10:06.000000,2020-01-01 00:10:12.000000
start10,D,r1,2020-01-01 00:10:12.000000,2020-01-01 00:10:18.000000
start10,F,r2,2020-01-01 00:10:18.000000,2020-01-01 00:10:24.000000
start10,end,,2020-01-01 00:10:24.000000,2020-01-01 00:10:24.000000
start11,start,,2020-01-01 00:11:00.000000,2020-01-01 00:11:00.000000
start11,A,r1,2020-01-01 00:11:00.000000,2020-01-01 00:11:06.000000
start11,B,r2,2020-01-01 00:11:06.000000,2020-01-01 00:11:12.000000
start11,C,r1,2020-01-01 00:11:06.000000,2020-01-01 00:11:12.000000
start11,D,r2,2020-01-01 00:11:12.000000,2020-01-01 00:11:18.000000
start11,F,r1,2020-01-01 00:11:18.000000,2020-01-01 00:11:24.000000
start11,end,,2020-01-01 00:11:24.000000,2020-01-01 00:11:24.000000
start12,start,,2020-01-01 00:12:00.000000,2020-01-01 00:12:00.000000
start12,A,r2,2020-01-01 00:12:00.000000,2020-01-01 00:12:06.000000
start12,B,r2,2020-01-01 00:12:06.000000,2020-01-01 00:12:12.000000
start12,C,r1,2020-01-01 00:12:06.000000,2020-01-01 00:12:12.000000
start12,E,r2,2020-01-01 00:12:12.000000,2020-01-01 00:12:18.000000
start12,F,r1,2020-01-01 00:12:18.000000,2020-01-01 00:12:24.000000
start12,end,,2020-01-01 00:12:24.000000,2020-01-01 00:12:24.000000
start13,start,,2020-01-01 00:13:00.000000,2020-01-01 00:13:00.000000
start13,A,r2,2020-01-01 00:13:00.000000,2020-01-01 00:13:06.000000
start13,C,r1,2020-01-01 00:13:06.000000,2020-01-01 00:13:12.000000
start13,B,r2,2020-01-01 00:13:06.000000,2020-01-01 00:13:12.000000
start13,E,r1,2020-01-01 00:13:12.000000,2020-01-01 00:13:18.000000
start13,F,r2,2020-01-01 00:13:18.000000,2020-01-01 00:13:24.000000
start13,end,,2020-01-01 00:13:24.000000,2020-01-01 00:13:24.000000
start14,start,,2020-01-01 00:14:00.000000,2020-01-01 00:14:00.000000
start14,A,r1,2020-01-01 00:14:00.000000,2020-01-01 00:14:06.000000
start14,C,r2,2020-01-01 00:14:06.000000,2020-01-01 00:14:12.000000
start14,B,r1,2020-01-01 00:14:06.000000,2020-01-01 00:14:12.000000
start14,D,r2,2020-01-01 00:14:12.000000,2020-01-01 00:14:18.000000
start14,F,r1,2020-01-01 00:14:18.000000,2020-01-01 00:14:24.000000
start14,end,,2020-01-01 00:14:24.000000,2020-01-01 00:14:24.000000
start15,start,,2020-01-01 00:15:00.000000,2020-01-01 00:15:00.000000
start15,A,r2,2020-01-01 00:15:00.000000,2020-01-01 00:15:06.000000
start15,C,r2,2020-01-01 00:15:06.000000,2020-01-01 00:15:12.000000
start15,B,r1,2020-01-01 00:15:06.000000,2020-01-01 00:15:12.000000
start15,D,r2,2020-01-01 00:15:12.000000,2020-01-01 00:15:18.000000
start15,F,r1,2020-01-01 00:15:18.000000,2020-01-01 00:15:24.000000
start15,end,,2020-01-01 00:15:24.000000,2020-01-01 00:15:24.000000
start16,start,,2020-01-01 00:16:00.000000,2020-01-01 00:16:00.000000
start16,A,r2,2020-01-01 00:16:00.000000,2020-01-01 00:16:06.000000
start16,B,r2,2020-01-01 00:16:06.000000,2020-01-01 00:16:12.000000
start16,C,r1,2020-01-01 00:16:06.000000,2020-01-01 00:16:12.000000
start16,E,r2,2020-01-01 00:16:12.000000,2020-01-01 00:16:18.000000
start16,F,r1,2020-01-01 00:16:18.000000,2020-01-01 00:16:24.000000
start16,end,,2020-01-01 00:16:24.000000,2020-01-01 00:16:24.000000
start17,start,,2020-01-01 00:17:00.000000,2020-01-01 00:17:00.000000
start17,A,r2,2020-01-01 00:17:00.000000,2020-01-01 00:17:06.000000
start17,C,r1,2020-01-01 00:17:06.000000,2020-01-01 00:17:12.000000
start17,B,r2,2020-01-01 00:17:06.000000,2020-01-01 00:17:12.000000
start17,D,r1,2020-01-01 00:17:12.000000,2020-01-01 00:17:18.000000
start17,F,r2,2020-01-01 00:17:18.000000,2020-01-01 00:17:24.000000
start17,end,,2020-01-01 00:17:24.000000,2020-01-01 00:17:24.000000
start18,start,,2020-01-01 00:18:00.000000,2020-01-01 00:18:00.000000
start18,A,r1,2020-01-01 00:18:00.000000,2020-01-01 00:18:06.000000
start18,B,r2,2020-01-01 00:18:06.000000,2020-01-01 00:18:12.000000
start18,C,r1,2020-01-01 00:18:06.000000,2020-01-01 00:18:12.000000
start18,D,r2,2020-01-01 00:18:12.000000,2020-01-01 00:18:18.000000
start18,F,r1,2020-01-01 00:18:18.000000,2020-01-01 00:18:24.000000
start18,end,,2020-01-01 00:18:24.000000,2020-01-01 00:18:24.000000
start19,start,,2020-01-01 00:19:00.000000,2020-01-01 00:19:00.000000
start19,A,r2,2020-01-01 00:19:00.000000,2020-01-01 00:19:06.000000
start19,C,r2,2020-01-01 00:19:06.000000,2020-01-01 00:19:12.000000
start19,B,r1,2020-01-01 00:19:06.000000,2020-01-01 00:19:12.000000
start19,E,r2,2020-01-01 00:19:12.000000,2020-01-01 00:19:18.000000
start19,F,r1,2020-01-01 00:19:18.000000,2020-01-01 00:19:24.000000
start19,end,,2020-01-01 00:19:24.000000,2020-01-01 00:19:24.000000
start20,start,,2020-01-01 00:20:00.000000,2020-01-01 00:20:00.000000
start20,A,r2,2020-01-01 00:20:00.000000,2020-01-01 00:20:06.000000
