rule_id,case_id
0,Application_1299976284
0,Application_213710034
0,Application_1253470806
0,Application_1048918140
0,Application_1839855484
0,Application_723233417
0,Application_202971781
0,Application_151353076
0,Application_1097183316
0,Application_1731458298
0,Application_1505068060
0,Application_1703523475
1,Application_2144451517
1,Application_1965993805
1,Application_1112996855
1,Application_2080271302
1,Application_1954624131
1,Application_671678776
1,Application_1946760193
2,Application_1931792282
2,Application_74089970
2,Application_909100209
2,Application_323048075
2,Application_285199122
2,Application_1666984263
2,Application_1985519013
2,Application_891145200
2,Application_593449510
2,Application_431846898
2,Application_1493252145
2,Application_560016471
2,Application_1192907459
2,Application_1366996307
2,Application_2087481623
2,Application_1541452316
2,Application_952740547
2,Application_1778266019
2,Application_2094879627
2,Application_1029342308
2,Application_202680930
2,Application_356026670
2,Application_1954144864
2,Application_1598320370
2,Application_1267400390
2,Application_1302622905
2,Application_1608079366
2,Application_347543285
2,Application_1786312725
2,Application_2119240461
2,Application_1663458866
2,Application_1925010934
2,Application_1353398749
2,Application_179733215
2,Application_710573029
2,Application_1863843995
2,Application_1679262953
2,Application_1899433995
2,Application_1443205860
2,Application_826674149
2,Application_175683523
2,Application_639168651
2,Application_2108392299
2,Application_1841925470
2,Application_722389201
2,Application_417970911
2,Application_948220422
2,Application_1526897565
2,Application_310763026
2,Application_385512470
2,Application_1283114291
2,Application_1385917480
2,Application_302995648
2,Application_1581390020
2,Application_1950882001
2,Application_1726039495
2,Application_323652266
2,Application_1970637517
2,Application_321639988
2,Application_239456870
2,Application_563181492
2,Application_2137333928
2,Application_1442063096
2,Application_397979327
2,Application_952134472
2,Application_537055635
2,Application_219440919
2,Application_1802940331
2,Application_1012695759
2,Application_1517844614
2,Application_1811993938
2,Application_151760649
2,Application_893661271
2,Application_1782290741
2,Application_1416337672
2,Application_1394896717
2,Application_1874833508
2,Application_825960193
2,Application_519478762
2,Application_1607153860
2,Application_1913890786
3,Application_893519087
3,Application_1466768841
3,Application_1084562941
3,Application_275653856
3,Application_1329021086
3,Application_1720703801
3,Application_303168428
3,Application_1335239652
3,Application_1387349041
3,Application_630942454
3,Application_1026157505
3,Application_87242903
3,Application_883249953
3,Application_1043186322
3,Application_1125229039
4,Application_1300843234
4,Application_481210204
4,Application_818693455
4,Application_555366492
4,Application_1760683579
4,Application_1800788442
4,Application_299646442
4,Application_680267904
4,Application_1555969086
4,Application_1962237641
4,Application_525204220
4,Application_1691560307
4,Application_716921175
4,Application_977257239
4,Application_424038944
4,Application_1918971781
4,Application_1941145131
4,Application_423971419
4,Application_1772661618
4,Application_1841570712
4,Application_160885036
4,Application_951384308
4,Application_356937764
4,Application_637418409
4,Application_1138536788
4,Application_748856154
4,Application_541575904
4,Application_68557738
4,Application_1823706656
4,Application_492588902
4,Application_879812556
4,Application_2082744800
4,Application_926109030
4,Application_317725252
4,Application_16505643
4,Application_818552981
4,Application_608609716
4,Application_1571383880
4,Application_1471879218
4,Application_1301085112
4,Application_1638285326
4,Application_791859837
4,Application_1258746465
4,Application_992509096
4,Application_1785229252
4,Application_102018713
4,Application_932586349
4,Application_1100210112
4,Application_2053360998
4,Application_861174392
4,Application_576881743
4,Application_741039245
4,Application_1449941621
4,Application_1730913786
4,Application_1732152740
4,Application_387229422
4,Application_1408498898
4,Application_939620670
4,Application_2015286613
4,Application_1556351502
4,Application_1317630601
4,Application_1786736253
4,Application_995108241
4,Application_1111943292
4,Application_355753971
4,Application_1712871184
4,Application_445835283
4,Application_656979961
4,Application_1035356995
4,Application_864932205
4,Application_1626768496
4,Application_880326628
4,Application_245034739
4,Application_78151586
4,Application_1423866185
4,Application_670760216
4,Application_847862372
4,Application_1694716314
4,Application_1379464024
4,Application_711287867
4,Application_1962789008
4,Application_1290192129
4,Application_444182929
4,Application_626804169
4,Application_991699701
4,Application_54673097
4,Application_1332471896
4,Application_1607895825
4,Application_1797125617
4,Application_1173884382
4,Application_27118645
4,Application_527363620
4,Application_1579831116
4,Application_426493590
4,Application_988584174
4,Application_1589739639
4,Application_806358684
4,Application_1194465021
4,Application_415636952
4,Application_63923439
4,Application_763187036
4,Application_123281093
4,Application_1244824900
4,Application_457099325
4,Application_182914615
4,Application_1139692633
4,Application_1499275944
4,Application_1821302981
4,Application_62973404
4,Application_1216133547
4,Application_274091793
4,Application_429025921
4,Application_2042406121
4,Application_1523994672
4,Application_536568889
4,Application_96448604
4,Application_1842591125
4,Application_1064577726
4,Application_161125862
4,Application_1026497688
4,Application_1407026848
4,Application_1246524167
4,Application_1528598069
4,Application_723241546
4,Application_1790831680
4,Application_298767760
4,Application_1927089088
4,Application_1986298579
4,Application_608002249
4,Application_1724380505
4,Application_2034787267
4,Application_45877425
4,Application_1343149415
4,Application_764901320
4,Application_1065962262
4,Application_1218082757
4,Application_1491527622
4,Application_601862065
4,Application_1291877105
4,Application_277881011
4,Application_1408250846
4,Application_1938499688
4,Application_97127623
4,Application_1598375191
4,Application_1293442260
4,Application_449329426
4,Application_619302279
4,Application_1027284246
4,Application_143169917
4,Application_1126742085
4,Application_825801349
4,Application_1607375745
4,Application_107974001
4,Application_503618101
4,Application_837562349
4,Application_374167668
4,Application_1797450520
4,Application_1046181469
4,Application_2047779762
4,Application_995081132
4,Application_1053715175
4,Application_1891953028
4,Application_1523939309
4,Application_673177567
4,Application_1883491797
4,Application_938818567
4,Application_1865110856
4,Application_90436943
4,Application_1396568513
4,Application_70458128
4,Application_344057283
4,Application_2025293576
4,Application_399511354
4,Application_123759980
4,Application_502039945
4,Application_1301036213
4,Application_257049161
4,Application_544275203
4,Application_1141523957
4,Application_992420778
4,Application_906615431
4,Application_1825661646
4,Application_903361547
4,Application_1485554314
4,Application_392732686
4,Application_1220926209
4,Application_1554699906
4,Application_3734556
4,Application_1433822964
4,Application_1443666620
4,Application_797609517
4,Application_891766920
4,Application_1970864584
4,Application_389378059
4,Application_1790628102
4,Application_960846305
4,Application_671352149
4,Application_1337522327
4,Application_1269614744
4,Application_1358494607
4,Application_641614146
4,Application_2059946181
4,Application_1841985459
4,Application_1522309222
4,Application_1510226718
4,Application_1254754311
4,Application_1579912928
4,Application_542387968
4,Application_1342824235
4,Application_1003896153
4,Application_1218424359
4,Application_649459695
4,Application_602593449
4,Application_942962556
4,Application_1380243291
4,Application_326005778
4,Application_96414790
4,Application_88372811
4,Application_775647630
4,Application_1674908659
4,Application_1618821415
4,Application_139023923
4,Application_438042117
4,Application_838884307
4,Application_1002747267
4,Application_1191734939
4,Application_478366268
4,Application_1836482704
4,Application_309817125
4,Application_963485644
4,Application_317789291
4,Application_199635820
4,Application_197229144
4,Application_1736978527
4,Application_1742866950
4,Application_154179391
4,Application_1183136852
4,Application_1734947142
4,Application_1283751278
4,Application_1453589065
5,Application_258789438
5,Application_1627096390
5,Application_1985722666
5,Application_1997244808
5,Application_1938093015
5,Application_96907665
5,Application_1722230762
6,Application_1410770383
6,Application_1216024217
6,Application_768135375
6,Application_181366823
6,Application_2015493284
6,Application_363543132
6,Application_1345659499
6,Application_963128909
6,Application_1389114601
6,Application_393028659
6,Application_673399253
6,Application_1023037940
6,Application_483126363
7,Application_312833689
7,Application_1365810935
7,Application_2140778990
7,Application_1710543601
7,Application_749738020
7,Application_1131111908
7,Application_903028429
7,Application_1154088974
7,Application_1140304705
7,Application_1276681521
7,Application_589152015
7,Application_1829024669
7,Application_1656557484
7,Application_1604007401
8,Application_1691306052
8,Application_1878239836
8,Application_987262285
8,Application_167944225
8,Application_1696031128
8,Application_525275343
8,Application_864903752
8,Application_1723028098
8,Application_1310063638
8,Application_1643165806
8,Application_1892186837
8,Application_969058358
8,Application_125495187
8,Application_1853222107
8,Application_807098596
8,Application_1470184564
8,Application_1944285638
8,Application_2081147987
8,Application_1462703151
8,Application_5240566
8,Application_1938300690
8,Application_584603030
8,Application_316292435
8,Application_1221068482
8,Application_1955246402
8,Application_505823301
8,Application_1814433442
8,Application_257274630
8,Application_1959715736
8,Application_526545505
8,Application_262728725
8,Application_343777769
8,Application_327983119
8,Application_645282036
8,Application_1207038345
8,Application_384006007
8,Application_1744454993
8,Application_213029581
8,Application_1132809491
8,Application_35262179
8,Application_37288045
8,Application_1541161276
8,Application_1569845993
8,Application_1950841165
8,Application_1811684691
8,Application_387517699
8,Application_1948430603
8,Application_1388535332
8,Application_765916186
8,Application_216184154
8,Application_717431849
8,Application_1932260488
8,Application_706900638
8,Application_1123503301
8,Application_996408810
8,Application_2116808282
8,Application_1044260282
8,Application_1447778468
8,Application_1395319206
8,Application_1542239327
8,Application_645400256
8,Application_1426517064
8,Application_1365943918
8,Application_1858588614
8,Application_81204346
8,Application_1649230612
8,Application_850467381
8,Application_1314936947
8,Application_1424793760
8,Application_1214558658
8,Application_294742387
8,Application_1643015710
8,Application_97529474
8,Application_383365555
8,Application_1402189400
8,Application_2028935007
8,Application_1409740498
8,Application_278804236
8,Application_240029818
8,Application_1694891010
8,Application_1521252224
8,Application_531311601
8,Application_702265255
8,Application_460878658
8,Application_92507213
8,Application_635993067
8,Application_1540837872
8,Application_1647554936
8,Application_2053390692
8,Application_394119601
8,Application_1822411778
8,Application_505978470
8,Application_1991950103
8,Application_527301970
8,Application_511941992
8,Application_578544901
8,Application_1043438250
8,Application_955791274
8,Application_1756336965
8,Application_1324325208
8,Application_755257322
8,Application_1198627231
8,Application_1961321975
8,Application_488139011
8,Application_2070526377
8,Application_1632818432
8,Application_972266787
8,Application_1157383835
8,Application_1171008881
8,Application_171520715
8,Application_866192051
8,Application_634330591
8,Application_80832527
8,Application_1667394009
8,Application_430144035
8,Application_1344139947
8,Application_1207682902
8,Application_998600110
8,Application_53038581
8,Application_953994341
8,Application_246521681
8,Application_937997530
8,Application_402271064
8,Application_2000863459
8,Application_1779884800
8,Application_794323532
8,Application_1263189516
8,Application_2061894299
8,Application_1716634215
8,Application_1234336445
8,Application_202534910
8,Application_397358164
8,Application_136457112
8,Application_494347751
8,Application_1849571436
8,Application_1583195260
8,Application_405641704
8,Application_2090379484
8,Application_225643837
8,Application_1528592084
8,Application_1693405530
8,Application_1862076158
8,Application_1719069496
8,Application_1815300558
8,Application_1358972199
8,Application_919407038
8,Application_1100457126
8,Application_1090605487
8,Application_956935409
8,Application_1392579942
8,Application_436634056
8,Application_1450268698
8,Application_131088156
8,Application_289756631
8,Application_1957857019
8,Application_120531207
8,Application_925291044
8,Application_1236882691
8,Application_548419129
8,Application_337026367
8,Application_1527181298
8,Application_571331955
8,Application_1645650193
8,Application_1002051388
8,Application_407038019
8,Application_1154315811
8,Application_176248145
8,Application_1380037651
8,Application_2119718741
8,Application_493690701
8,Application_1194796236
8,Application_1416093231
8,Application_1188147611
8,Application_1337021961
8,Application_1912333796
8,Application_1406152685
8,Application_1711981639
8,Application_448674532
8,Application_316137956
8,Application_1791257668
8,Application_1541603960
8,Application_1996816733
8,Application_1000647090
8,Application_348579057
8,Application_1062743672
8,Application_320887161
8,Application_37930769
8,Application_1085318545
8,Application_1363339366
8,Application_10535231
8,Application_92918427
8,Application_30821353
8,Application_858495185
8,Application_219463138
8,Application_1690716209
8,Application_1268243744
8,Application_777194034
8,Application_177868383
8,Application_623888087
8,Application_56677497
8,Application_450220910
8,Application_946723017
8,Application_1288870281
8,Application_907020089
8,Application_350820149
8,Application_1585699297
8,Application_785468545
8,Application_1476866922
8,Application_1217041900
8,Application_1513406442
8,Application_1129485419
8,Application_1498699021
8,Application_1657413785
8,Application_503589934
8,Application_2009784943
8,Application_493845140
8,Application_1559729956
8,Application_1632392078
8,Application_1469859342
8,Application_2066675404
8,Application_49271927
8,Application_42852858
8,Application_545473242
8,Application_162497967
8,Application_1814321194
8,Application_1574079518
8,Application_828951778
8,Application_576035670
8,Application_1481162623
8,Application_1292199013
8,Application_1187707414
8,Application_142343024
8,Application_1733355006
8,Application_273064050
8,Application_489736371
8,Application_894777546
8,Application_187552693
8,Application_447287054
8,Application_1320598114
8,Application_680671788
8,Application_375415556
8,Application_1863626598
8,Application_320107802
8,Application_1014738976
8,Application_1011657063
8,Application_157986780
8,Application_1708169532
8,Application_462940012
8,Application_968216344
8,Application_1330582846
8,Application_1424943878
8,Application_739151315
8,Application_961629305
8,Application_1833180628
8,Application_1214550142
8,Application_712190633
8,Application_1829215276
8,Application_1678028174
8,Application_1262887348
8,Application_1305811960
8,Application_359703157
8,Application_100589233
8,Application_1841039405
8,Application_217304207
8,Application_438652225
8,Application_305708618
8,Application_1034230663
8,Application_684944068
8,Application_1348600041
8,Application_1519719618
8,Application_120420332
8,Application_1834213163
8,Application_1463737208
8,Application_241380269
8,Application_1907738962
8,Application_1941000802
8,Application_801847530
8,Application_1895053688
8,Application_1878246886
8,Application_1231671483
8,Application_1754136234
8,Application_81911405
8,Application_2058492552
8,Application_124231906
8,Application_869116987
8,Application_70575133
8,Application_763305655
8,Application_663094571
8,Application_722853922
8,Application_214534974
8,Application_110099600
8,Application_2070124537
8,Application_1693440880
8,Application_1305749720
8,Application_172496574
8,Application_515109573
8,Application_1565083758
8,Application_1361630071
8,Application_657638630
8,Application_1144565049
8,Application_1834078473
8,Application_787544233
8,Application_1358114237
8,Application_942759910
8,Application_780963701
8,Application_1043518306
8,Application_82339726
8,Application_1704284942
8,Application_1971112661
8,Application_582885008
8,Application_280821610
8,Application_720557254
8,Application_61248843
8,Application_1033756531
8,Application_1981687019
8,Application_1264876890
8,Application_717090327
8,Application_1064732825
8,Application_1647351112
8,Application_577847480
8,Application_574877299
8,Application_2062755257
8,Application_142568747
8,Application_462747915
8,Application_655917592
8,Application_1423179503
8,Application_1550035458
8,Application_1907209625
8,Application_931073033
8,Application_1750378228
8,Application_913956080
8,Application_40148503
8,Application_1053676106
8,Application_1399619108
8,Application_2092883533
8,Application_807076353
8,Application_569025669
8,Application_1579770910
8,Application_282154033
8,Application_1208437635
8,Application_400847861
8,Application_1484220304
8,Application_319949183
8,Application_352722960
8,Application_1118744495
8,Application_1003092772
8,Application_831994177
8,Application_1133580191
8,Application_1767661221
8,Application_1811700269
8,Application_1217006497
8,Application_2090210070
8,Application_993569427
8,Application_1484267658
8,Application_1952296635
8,Application_776179536
8,Application_1427319345
8,Application_1192855228
8,Application_1047814763
8,Application_1494364111
8,Application_730582873
8,Application_1742374046
8,Application_1571551830
8,Application_829451259
8,Application_1195207998
8,Application_1882136686
8,Application_212032796
8,Application_1612006861
8,Application_1970486730
8,Application_628997496
8,Application_439934042
8,Application_824825632
8,Application_1121766693
8,Application_374379677
8,Application_531666181
8,Application_2113049304
8,Application_1141711101
8,Application_33542556
8,Application_1912692425
8,Application_204227003
8,Application_104403072
8,Application_1547943476
8,Application_1167637278
8,Application_274202829
8,Application_1150025480
8,Application_1963086313
8,Application_202428545
8,Application_899806345
8,Application_926752287
8,Application_1067751978
8,Application_1499037624
8,Application_826015211
8,Application_1025327332
8,Application_751576
8,Application_1741076995
8,Application_1396027237
8,Application_456522373
8,Application_1854749956
8,Application_1857096322
8,Application_890509022
8,Application_886797748
8,Application_1855557331
8,Application_1253984780
8,Application_308765657
8,Application_2045109794
8,Application_1638998264
8,Application_417151818
8,Application_1646110705
8,Application_1479347363
8,Application_463778356
8,Application_1440390566
8,Application_1567894569
8,Application_144720801
8,Application_1362140168
8,Application_792142768
8,Application_1967206176
8,Application_1205144249
8,Application_1236031025
8,Application_403880003
8,Application_968680506
8,Application_1932624040
8,Application_817012302
8,Application_1726483569
8,Application_1972943445
8,Application_1607788566
8,Application_891274487
8,Application_1207230380
8,Application_834130768
8,Application_521868863
8,Application_1982733114
8,Application_1011122543
8,Application_619601205
8,Application_1711856510
8,Application_1237040955
8,Application_775825240
8,Application_500943156
8,Application_63629581
8,Application_2114478093
8,Application_1359216041
8,Application_901461756
8,Application_514138804
8,Application_864662158
8,Application_1219181058
8,Application_1218931958
8,Application_1507175319
8,Application_1214377208
8,Application_571989765
8,Application_1832359699
8,Application_1196269002
8,Application_1924874657
8,Application_549784946
8,Application_1259512676
8,Application_1312126160
8,Application_1000806256
8,Application_1702772063
8,Application_1323210480
8,Application_481024503
8,Application_278234732
8,Application_93983838
8,Application_1612622692
8,Application_1481508354
8,Application_206518775
8,Application_417003502
8,Application_188078604
8,Application_1922336058
8,Application_1307008167
8,Application_738653118
8,Application_1857636845
8,Application_23547632
8,Application_854595471
8,Application_731487477
8,Application_1038559722
8,Application_998576013
8,Application_2100723398
8,Application_52994701
8,Application_1030292282
8,Application_2014598371
8,Application_1457780790
8,Application_1909483907
8,Application_1969034315
8,Application_1542115098
8,Application_1429560725
8,Application_1784944853
8,Application_953075714
8,Application_1159183169
8,Application_1207781516
8,Application_998502130
8,Application_1553842114
8,Application_942332308
8,Application_373617428
8,Application_135504542
8,Application_1388833616
8,Application_647263153
8,Application_1983550728
8,Application_255424349
8,Application_584990271
8,Application_1274899044
8,Application_333855099
8,Application_942374112
8,Application_1686100974
8,Application_479936724
8,Application_1336873117
8,Application_577093104
8,Application_131475958
8,Application_800643944
8,Application_253435738
8,Application_642840882
8,Application_502730145
8,Application_1050390195
8,Application_1073406344
8,Application_239685459
8,Application_924761214
8,Application_1964604595
8,Application_183143916
8,Application_1086114195
8,Application_2051423817
8,Application_1042504407
8,Application_1458887736
8,Application_1038427773
8,Application_2023987812
8,Application_106321275
8,Application_1559722286
8,Application_1348375681
8,Application_1800209786
8,Application_1138732156
8,Application_898364172
8,Application_804603685
8,Application_1088902101
8,Application_1663146425
8,Application_196690776
8,Application_620897639
8,Application_579527305
8,Application_1317003571
8,Application_264040577
8,Application_1630959767
8,Application_1668333019
8,Application_449992046
8,Application_1806987140
8,Application_823174081
8,Application_1494834839
8,Application_1347438787
8,Application_1233455977
8,Application_2026255140
8,Application_2134299171
8,Application_105880505
8,Application_1564389694
8,Application_953393465
8,Application_959162366
8,Application_170263999
8,Application_2108613059
8,Application_1722999276
8,Application_1925086048
8,Application_1623974394
8,Application_1953341305
8,Application_1231579880
8,Application_1064804107
8,Application_1123248266
8,Application_2110770473
8,Application_1081819343
8,Application_1882054030
8,Application_1041645953
8,Application_255847143
8,Application_366571467
8,Application_856411257
8,Application_438269807
8,Application_656598972
8,Application_1744421968
8,Application_1727469314
8,Application_1504457237
8,Application_1617021214
8,Application_1575426961
8,Application_1290822221
8,Application_238988223
8,Application_1379497552
8,Application_1455413463
8,Application_965885907
8,Application_473820095
8,Application_158521766
8,Application_2071585565
8,Application_1062967516
8,Application_226158643
8,Application_137644224
8,Application_721340692
8,Application_1072286764
8,Application_38900146
8,Application_536783052
8,Application_39747567
8,Application_1826967244
8,Application_491870428
8,Application_660451724
8,Application_418702437
8,Application_205141048
8,Application_340534713
8,Application_842281859
8,Application_302885057
8,Application_1185756378
8,Application_675216858
8,Application_722753168
8,Application_643423512
8,Application_235629887
8,Application_2096883387
8,Application_1006164631
8,Application_439272088
8,Application_1802608036
8,Application_1666960622
8,Application_2020736720
8,Application_1669332371
8,Application_1598276616
8,Application_1029247764
8,Application_923395500
8,Application_885540392
8,Application_572567761
8,Application_1719043764
8,Application_2054855494
8,Application_1201885222
8,Application_2009469048
8,Application_1301725928
8,Application_2127589264
8,Application_388511721
8,Application_339910304
8,Application_1729763634
8,Application_1761859471
8,Application_79660320
8,Application_833459537
8,Application_527611646
8,Application_1389225892
8,Application_1177360098
8,Application_2125402892
8,Application_277874896
8,Application_150888226
8,Application_575489556
8,Application_925295407
8,Application_79331148
8,Application_1021612767
8,Application_1634060107
8,Application_852019949
8,Application_975830076
8,Application_543580226
8,Application_593978944
8,Application_814620974
8,Application_21224548
8,Application_1443427035
8,Application_19373519
8,Application_1331923786
8,Application_1255605399
8,Application_465910768
8,Application_595376428
8,Application_1674108037
8,Application_1772463113
8,Application_1111459260
8,Application_1658625919
8,Application_2114018284
8,Application_822218757
8,Application_1492339205
8,Application_989930781
8,Application_418082819
8,Application_526701330
8,Application_753441891
8,Application_926829720
8,Application_1371882232
8,Application_1764170744
8,Application_414191190
8,Application_1087211941
8,Application_898394226
8,Application_1688529047
8,Application_1947449712
8,Application_1086606722
8,Application_1441668659
8,Application_1084364321
8,Application_643216783
8,Application_1551954124
8,Application_1725343989
8,Application_1544975283
8,Application_880170648
8,Application_1627266445
8,Application_312602744
8,Application_1488569792
8,Application_1338365283
8,Application_734033930
8,Application_1323807979
8,Application_1298495237
8,Application_42141968
8,Application_919886189
8,Application_1040145001
8,Application_1160504691
8,Application_1381946169
8,Application_478491113
8,Application_812186683
8,Application_893638776
8,Application_141976668
8,Application_1613565558
8,Application_458283344
8,Application_871919055
8,Application_1069578306
8,Application_552384140
8,Application_287210829
8,Application_936066506
8,Application_1374646252
8,Application_1385712665
8,Application_1525849944
8,Application_1829297282
8,Application_1050440539
8,Application_508330970
8,Application_756221319
8,Application_42593435
8,Application_1812490292
8,Application_165847957
8,Application_1721241599
8,Application_502856537
8,Application_1107550876
8,Application_1636497905
8,Application_1893798342
8,Application_1048729110
8,Application_1698365784
8,Application_1502413252
8,Application_28400715
8,Application_682429766
8,Application_459477804
8,Application_197013867
8,Application_537804429
8,Application_1104589935
8,Application_1076597906
8,Application_798278447
8,Application_1783804141
8,Application_424390264
8,Application_243783154
8,Application_1873172053
8,Application_54298626
8,Application_866528862
8,Application_1268155620
8,Application_1444397115
8,Application_333630267
8,Application_1079314583
8,Application_2073557198
8,Application_1526018389
8,Application_1202012314
8,Application_744544314
8,Application_1748322188
8,Application_1932257816
8,Application_607734977
8,Application_541758555
8,Application_1237030546
8,Application_114556539
8,Application_684484812
8,Application_378914720
8,Application_115147114
8,Application_1220762865
8,Application_752772249
8,Application_1595126280
8,Application_681209641
8,Application_1463972237
8,Application_1637453084
8,Application_289271522
8,Application_394778745
8,Application_1722688700
8,Application_1398191679
8,Application_549928978
8,Application_1365322822
8,Application_2036273868
8,Application_596460742
8,Application_1761565261
8,Application_67524882
8,Application_2126672400
8,Application_2101114607
8,Application_1214212874
8,Application_2132530543
8,Application_789885577
8,Application_779868535
8,Application_846444951
8,Application_376101267
8,Application_1932955716
8,Application_1462753483
8,Application_1103943576
8,Application_2123005105
8,Application_588974536
8,Application_857963863
8,Application_1450602472
8,Application_330063928
8,Application_1768376088
8,Application_1593164638
8,Application_46821340
8,Application_540335769
8,Application_1882408870
8,Application_1306084558
8,Application_6748555
8,Application_108869739
8,Application_1180553525
8,Application_1124781985
8,Application_363059077
8,Application_462427556
8,Application_1040604584
8,Application_542785925
8,Application_866301279
8,Application_1583568442
8,Application_16950765
8,Application_342809290
8,Application_692846616
8,Application_374069302
8,Application_2097125550
8,Application_1617405751
8,Application_254575976
8,Application_981057308
8,Application_833691300
8,Application_564399840
8,Application_545291805
8,Application_477558940
8,Application_1657041834
8,Application_1694212632
8,Application_417790922
8,Application_492864314
8,Application_817818948
8,Application_1968149397
8,Application_2038208736
8,Application_963179178
8,Application_1058232166
8,Application_1631905533
8,Application_1926308840
8,Application_1750224714
8,Application_1779259859
8,Application_1975004259
8,Application_1921897384
8,Application_523710429
8,Application_1126595022
8,Application_1009728487
8,Application_2073750191
8,Application_839794147
8,Application_2104061117
8,Application_1467116720
8,Application_1024024843
8,Application_1737465443
8,Application_1208611198
8,Application_665435950
8,Application_2021470473
8,Application_1084427553
8,Application_1729461509
8,Application_1369082220
8,Application_583351230
8,Application_597788673
8,Application_1039362794
8,Application_495796607
8,Application_1903023122
8,Application_1964585643
8,Application_276356968
8,Application_749231890
8,Application_749173937
8,Application_1108138981
8,Application_1262448227
8,Application_47882237
8,Application_338801507
8,Application_379265653
8,Application_2099367250
8,Application_1667550025
8,Application_586839753
8,Application_971536653
8,Application_1421260446
8,Application_1200057798
8,Application_1320433447
8,Application_995855801
8,Application_49725499
8,Application_569238520
8,Application_1235053807
8,Application_2077112716
8,Application_139258943
8,Application_1659557378
8,Application_286552024
8,Application_46379480
8,Application_841781311
8,Application_1736195967
8,Application_406935386
8,Application_28948130
8,Application_1908585951
8,Application_923026954
8,Application_1382264629
8,Application_678634348
8,Application_1827521969
8,Application_254429277
8,Application_953032489
8,Application_1272659557
8,Application_1024776595
8,Application_1236800353
8,Application_23650198
8,Application_1815535233
8,Application_1000334415
8,Application_2065212129
8,Application_1396303697
8,Application_796344198
8,Application_1800727100
8,Application_1991304445
8,Application_68384482
8,Application_858444688
8,Application_86184488
8,Application_183825585
8,Application_543554091
8,Application_60899254
8,Application_1863577085
8,Application_1918768658
8,Application_908162786
8,Application_80028517
8,Application_1993385704
8,Application_2141432503
8,Application_1979038815
8,Application_1113638665
8,Application_1551651697
8,Application_1480415258
8,Application_877940586
8,Application_860025418
8,Application_1223117710
8,Application_1659335205
8,Application_988511725
8,Application_2139370843
8,Application_5291332
8,Application_936073934
8,Application_1804714332
8,Application_1696302685
8,Application_940497849
8,Application_461817620
8,Application_1506044705
8,Application_1012691702
8,Application_942304082
8,Application_1096227309
8,Application_1392194089
8,Application_1579510520
8,Application_2089954598
8,Application_1691187689
8,Application_1510106241
8,Application_1710821235
8,Application_1142285447
8,Application_1654636815
8,Application_539520165
8,Application_449589279
8,Application_511027380
8,Application_1008803681
8,Application_911736403
8,Application_1447256897
8,Application_1963884155
8,Application_86317716
8,Application_1259690237
8,Application_1096662178
8,Application_2115402969
8,Application_782205831
8,Application_286531657
8,Application_1702391411
8,Application_2141730530
8,Application_653416174
8,Application_1021582856
8,Application_1300987441
8,Application_2107701581
8,Application_653391914
8,Application_397690469
8,Application_852419476
8,Application_938318297
8,Application_1748551648
8,Application_1220541878
8,Application_146904914
8,Application_927374141
8,Application_1652192703
8,Application_352415567
8,Application_1223404910
8,Application_249685016
8,Application_344293557
8,Application_1310964975
8,Application_927699599
8,Application_1264806747
8,Application_535041048
8,Application_310339805
8,Application_1894051107
8,Application_1245298665
8,Application_1879115572
8,Application_296496852
8,Application_104045138
8,Application_144959075
8,Application_1665438389
8,Application_2136101614
8,Application_2024680741
8,Application_634953014
8,Application_596749181
8,Application_1436502383
8,Application_112225006
8,Application_2003767759
8,Application_971906635
8,Application_923583802
8,Application_863065095
8,Application_492021644
8,Application_2105333511
8,Application_1753972754
8,Application_895713530
8,Application_1965180973
8,Application_1860164462
8,Application_812842800
8,Application_1297722987
8,Application_1609910072
8,Application_279402468
8,Application_1138441532
8,Application_1141800606
8,Application_1567410642
8,Application_852820937
8,Application_1410406047
8,Application_1180717049
8,Application_1826872953
8,Application_1308071555
8,Application_2081468177
8,Application_1845996368
8,Application_61237928
8,Application_1317536471
8,Application_1518048032
8,Application_1944799016
8,Application_1449487653
8,Application_1735741695
8,Application_1372277105
8,Application_86380851
8,Application_1712939718
8,Application_2047971948
8,Application_633119231
8,Application_1145050189
8,Application_1101581774
8,Application_308398565
8,Application_82743664
8,Application_1473563456
8,Application_1391267361
8,Application_211694290
8,Application_1164107164
8,Application_1546375758
8,Application_829417575
8,Application_1726806352
8,Application_564882176
8,Application_42107893
8,Application_1094370739
8,Application_1598268086
8,Application_1969464423
8,Application_631823084
8,Application_1226442731
8,Application_843181095
8,Application_1922166710
8,Application_713675823
8,Application_1862468287
8,Application_787705956
8,Application_478367813
8,Application_656520046
8,Application_105906022
8,Application_1136188668
8,Application_80850284
8,Application_238546830
8,Application_1406835873
8,Application_1118140052
8,Application_966129944
8,Application_810658733
8,Application_1981500950
8,Application_1469836149
8,Application_958218647
8,Application_1176924018
8,Application_1208202898
8,Application_327149374
8,Application_2081673241
8,Application_1012862839
8,Application_890075702
8,Application_608775916
8,Application_1835001438
8,Application_398311287
8,Application_1489786126
8,Application_1778799137
8,Application_937270089
8,Application_1691065242
8,Application_1607821509
8,Application_449256078
8,Application_112299550
8,Application_1157455039
8,Application_310417357
8,Application_906296960
8,Application_1331678337
8,Application_2048381730
8,Application_972486124
8,Application_1859387169
8,Application_1811471028
8,Application_74864529
8,Application_2008203162
8,Application_1283651073
8,Application_1128308263
8,Application_1022084723
8,Application_1140000103
8,Application_1300309831
8,Application_1371434911
8,Application_323040575
8,Application_1201267547
8,Application_1880895995
8,Application_1690998892
8,Application_1278754356
8,Application_2115042059
8,Application_1713552898
8,Application_1018266027
8,Application_1241999769
8,Application_525459142
8,Application_1782952770
8,Application_2053888323
8,Application_1079472664
8,Application_233064512
8,Application_1795986679
8,Application_1511779865
8,Application_1957651168
8,Application_907136885
8,Application_586877291
8,Application_1103698005
8,Application_13944300
8,Application_998522150
8,Application_78080859
8,Application_1434518975
8,Application_1557296300
8,Application_653567105
8,Application_295284443
9,Application_217630695
9,Application_854107843
9,Application_1689887740
9,Application_900460993
9,Application_382259395
9,Application_988069477
9,Application_276624028
9,Application_939691189
9,Application_797280184
9,Application_1475803733
9,Application_2093424318
9,Application_860809246
9,Application_816862790
9,Application_894816076
9,Application_1626377486
9,Application_1908753603
9,Application_523421470
9,Application_248034274
9,Application_613766151
9,Application_1313695020
9,Application_1292983087
9,Application_1345825411
9,Application_428827586
9,Application_1334427669
9,Application_430928640
9,Application_724249522
9,Application_952230284
9,Application_893461700
9,Application_184883322
9,Application_1796529138
9,Application_742173495
9,Application_519214643
10,Application_319587802
10,Application_1193723578
10,Application_774787486
10,Application_2070389081
10,Application_402039661
10,Application_1600150028
10,Application_1246596843
10,Application_1942048129
10,Application_224001459
10,Application_32340702
10,Application_1028275195
10,Application_607556337
10,Application_220799111
10,Application_901692229
10,Application_1611324991
10,Application_1174109909
10,Application_713863600
10,Application_1648118746
10,Application_1946407808
10,Application_1717778705
10,Application_1453565909
10,Application_431447847
10,Application_1758039972
10,Application_954463239
10,Application_1354811170
10,Application_1029307193
10,Application_2137021339
10,Application_1443994940
10,Application_1609314032
10,Application_1995359590
10,Application_1684086729
10,Application_1911112705
10,Application_1354823611
10,Application_1611018977
10,Application_1827181681
10,Application_1384713944
10,Application_1865725323
10,Application_711527003
10,Application_1872274352
10,Application_2118302924
10,Application_881521733
10,Application_1208598383
10,Application_1373118338
10,Application_173891039
10,Application_2139576211
10,Application_247893261
10,Application_1013582921
10,Application_386035585
10,Application_354204529
10,Application_1714523120
10,Application_1363998176
10,Application_227664287
10,Application_641738626
10,Application_2136453974
10,Application_1256078078
10,Application_1331629354
10,Application_2040969462
10,Application_438379970
10,Application_1351265740
10,Application_811417218
10,Application_1093248621
10,Application_1644338098
10,Application_349957809
10,Application_1920004538
10,Application_1947299550
10,Application_1668755806
10,Application_1360299305
10,Application_1206904937
10,Application_1708594599
10,Application_1495971439
10,Application_1506479388
10,Application_2144151820
10,Application_632945487
10,Application_1599504425
10,Application_450545784
10,Application_1025611489
10,Application_555108256
10,Application_1995770504
10,Application_1267773007
10,Application_1952941154
10,Application_871251765
10,Application_566858875
10,Application_1264622220
10,Application_256908432
10,Application_1603393617
10,Application_1529354680
10,Application_1810778714
10,Application_1473734565
10,Application_495907078
10,Application_1977495845
10,Application_353274103
10,Application_1628595961
10,Application_1974089627
10,Application_258972625
10,Application_1994370200
10,Application_636936558
10,Application_1055375814
10,Application_1695436993
10,Application_1658839362
10,Application_1121005474
10,Application_2114750715
10,Application_648078846
10,Application_955861170
10,Application_1362680838
10,Application_1962627507
10,Application_164664961
10,Application_689354983
10,Application_1936347488
10,Application_1420790923
10,Application_572693072
10,Application_68806956
10,Application_1981765819
10,Application_1707528347
10,Application_1414262200
10,Application_1877676656
10,Application_477329320
10,Application_850377333
10,Application_2072289125
10,Application_1364243564
10,Application_659943365
10,Application_1109152833
10,Application_70463787
10,Application_571865892
10,Application_1887225903
10,Application_740999060
10,Application_836609181
10,Application_1363909203
10,Application_1551445155
10,Application_756906518
10,Application_556252191
10,Application_177079986
10,Application_2001975078
10,Application_437054932
10,Application_172857478
10,Application_1692201415
10,Application_29597002
10,Application_1535002150
10,Application_1438165442
10,Application_1068246239
10,Application_530969239
10,Application_1155698672
10,Application_1527448202
10,Application_1181926320
10,Application_1273942061
10,Application_1993132324
10,Application_634818571
10,Application_2078353273
10,Application_1411448055
10,Application_1473777322
10,Application_1541568491
10,Application_228895936
10,Application_1869001550
10,Application_818383830
10,Application_1263808654
10,Application_1429560463
10,Application_473455481
10,Application_1176077410
10,Application_200802550
10,Application_56885089
10,Application_1295447773
10,Application_1900119920
10,Application_2103211755
10,Application_1111709486
10,Application_1075100328
10,Application_1529510108
10,Application_1256855179
10,Application_872366334
10,Application_1916484089
10,Application_1939724983
10,Application_145983241
10,Application_870644031
10,Application_732940002
10,Application_1622777346
10,Application_507155820
10,Application_2005338663
10,Application_158781349
10,Application_1958962710
10,Application_887723939
10,Application_1437013202
10,Application_2009787869
10,Application_1438497757
10,Application_1102152147
10,Application_1847236945
10,Application_522081554
10,Application_560710750
10,Application_602472844
10,Application_1205007143
10,Application_1113974453
10,Application_1835154157
10,Application_737577489
10,Application_1200520255
10,Application_1472911131
10,Application_1100828328
10,Application_2070251704
10,Application_667987943
10,Application_195659775
10,Application_345022329
10,Application_1167663086
10,Application_381535196
10,Application_1368555089
10,Application_222815188
10,Application_1465279640
10,Application_164710414
10,Application_1401670101
10,Application_313929011
10,Application_511847282
10,Application_774280556
10,Application_1621523623
10,Application_2011122405
10,Application_800321960
10,Application_1731757967
10,Application_1186682952
10,Application_576154741
10,Application_1852627843
10,Application_1243918536
10,Application_877399955
10,Application_2031914980
10,Application_572215303
10,Application_1359780350
10,Application_1402086483
10,Application_730212839
10,Application_2108527232
10,Application_1961979075
10,Application_514052232
10,Application_554013936
10,Application_2106162333
10,Application_460231462
10,Application_241032573
10,Application_131607996
10,Application_1634183264
10,Application_364421559
10,Application_155736295
10,Application_1915911926
10,Application_706201656
10,Application_1007846031
10,Application_152108853
10,Application_1655641907
10,Application_620994991
10,Application_1325830550
10,Application_1085051521
10,Application_1275708382
10,Application_671264692
10,Application_200680287
10,Application_1646642236
10,Application_841240578
10,Application_1308025514
10,Application_399001926
10,Application_1357377502
10,Application_312224974
10,Application_1600471037
10,Application_856935152
10,Application_738077974
10,Application_563590726
10,Application_1263997961
10,Application_592605828
10,Application_453833865
11,Application_200538025
11,Application_379062460
11,Application_1921211831
11,Application_575944975
11,Application_1425666384
11,Application_1666073640
11,Application_458796160
11,Application_1957976550
11,Application_480648101
11,Application_1074360756
11,Application_1169787039
11,Application_913188566
11,Application_2019753121
11,Application_570165308
11,Application_195857924
11,Application_1183771225
11,Application_1264408299
12,Application_2003843374
12,Application_524429786
12,Application_1434477082
12,Application_1973046230
12,Application_1220146067
12,Application_592185579
12,Application_1885478669
12,Application_1778791004
12,Application_864359285
12,Application_1386033537
12,Application_1370354556
12,Application_2108119743
12,Application_941143913
12,Application_85908702
12,Application_1098278191
12,Application_1972021216
12,Application_277098104
12,Application_878691785
12,Application_588423912
12,Application_1641940616
12,Application_1166300620
12,Application_1896194935
12,Application_1602516282
12,Application_1939384640
12,Application_1498465982
12,Application_1821918762
12,Application_1889759116
12,Application_295979157
12,Application_419387657
12,Application_716961512
12,Application_1617693685
12,Application_427859499
12,Application_508356144
12,Application_1807815107
12,Application_1760251707
12,Application_598019466
12,Application_2061860558
12,Application_787148081
12,Application_634078808
12,Application_2077766227
12,Application_1693585514
12,Application_1716665384
12,Application_1723963074
12,Application_1039561265
12,Application_1339122697
12,Application_1808644519
12,Application_1962706192
12,Application_263798827
12,Application_1905641443
12,Application_1302702228
12,Application_1090564097
12,Application_302395205
12,Application_1548649062
12,Application_607309528
12,Application_14911263
12,Application_1852893888
12,Application_395428463
12,Application_810904836
12,Application_1765887225
12,Application_876437950
12,Application_672902609
12,Application_1566862513
12,Application_2058695641
12,Application_1071410123
12,Application_647762796
12,Application_361505490
12,Application_289454407
12,Application_1206551699
12,Application_1539966278
12,Application_1155070210
12,Application_1856346499
12,Application_247978091
12,Application_1512331067
12,Application_1913503737
12,Application_182922092
12,Application_877547450
12,Application_572065432
12,Application_672913902
12,Application_1546185620
12,Application_1476439335
12,Application_672030546
12,Application_473484613
12,Application_645105188
12,Application_1877420980
12,Application_415781818
12,Application_1909395512
12,Application_977223897
12,Application_1876167901
12,Application_73903421
12,Application_584503835
12,Application_271562196
12,Application_1637154472
12,Application_1061140974
12,Application_756641253
12,Application_1295337736
12,Application_1958515425
12,Application_1399985158
12,Application_353038568
12,Application_1676176557
12,Application_657582683
12,Application_1554006137
12,Application_351957884
12,Application_1086599276
12,Application_975248544
12,Application_1545521329
12,Application_1634352428
12,Application_1884905979
12,Application_1619537149
12,Application_672607464
12,Application_978087299
12,Application_341235639
12,Application_145460789
12,Application_1075071428
12,Application_109009782
12,Application_1834413022
12,Application_2071829046
12,Application_340390465
12,Application_2109299500
12,Application_1042283919
12,Application_328433912
12,Application_207239610
12,Application_1916375185
12,Application_1613835444
12,Application_1608206447
12,Application_33745946
12,Application_1730778542
12,Application_1055618357
12,Application_1236064158
12,Application_1758628504
12,Application_460362418
12,Application_1562170126
12,Application_1824747835
12,Application_491192717
12,Application_1759206616
13,Application_1806387393
13,Application_987213908
13,Application_1291947335
13,Application_1634651522
13,Application_597160934
13,Application_1029986710
13,Application_1778663922
13,Application_266262290
13,Application_491256589
13,Application_2134379778
13,Application_1446138707
13,Application_785097343
13,Application_1780904875
13,Application_711068971
13,Application_558734362
13,Application_1548436767
13,Application_526273418
13,Application_853133658
13,Application_1646167756
13,Application_1103525626
13,Application_306588897
13,Application_35905526
13,Application_1683071807
13,Application_1351336683
13,Application_2346788
13,Application_1898360280
13,Application_865530320
13,Application_380295503
13,Application_1876874075
13,Application_1620285047
13,Application_1139142792
13,Application_1583772656
13,Application_1329377063
13,Application_1387140959
13,Application_696736706
13,Application_589703042
13,Application_686915060
13,Application_670941831
13,Application_1412007004
13,Application_1241673992
13,Application_850637249
13,Application_1271823802
13,Application_248502899
13,Application_270049565
13,Application_1123488128
13,Application_1329813348
13,Application_182600029
13,Application_1839533971
13,Application_1942568982
13,Application_926378406
13,Application_2030819568
13,Application_1149359650
13,Application_184807860
13,Application_1550595412
13,Application_1917153092
13,Application_316799912
13,Application_937066761
13,Application_488966118
13,Application_1466879927
13,Application_80008918
13,Application_1284590362
13,Application_563521504
13,Application_566347979
13,Application_2116148116
14,Application_275369916
14,Application_1787991043
14,Application_751721000
14,Application_1546281404
14,Application_1886163085
14,Application_1085885640
14,Application_113691220
14,Application_1983176860
14,Application_1950411514
14,Application_438021662
14,Application_537160858
14,Application_396471385
14,Application_1036829662
14,Application_1661566710
14,Application_1229673502
15,Application_1340833880
15,Application_1657726041
15,Application_1878335247
15,Application_1676196092
15,Application_1619878986
15,Application_662150009
15,Application_371014669
15,Application_1111458873
15,Application_343096883
15,Application_282538124
15,Application_2058903028
16,Application_546206358
16,Application_396349881
16,Application_914660918
16,Application_1141114991
16,Application_1447851462
16,Application_1014301064
16,Application_1502516207
16,Application_1771304108
16,Application_1903580067
16,Application_953392572
16,Application_519973903
16,Application_19385579
16,Application_608964116
16,Application_1096968149
16,Application_842478362
16,Application_1014760259
16,Application_268576214
16,Application_1705432175
16,Application_1698374359
16,Application_161868482
16,Application_141242052
16,Application_712156236
16,Application_362508224
16,Application_1824540654
16,Application_1473369507
16,Application_1879432062
16,Application_16686366
16,Application_60321550
16,Application_773469136
16,Application_998130267
16,Application_926295021
16,Application_1835125945
16,Application_541009281
16,Application_1016541821
16,Application_833171339
16,Application_1700699492
16,Application_163121479
16,Application_721267553
16,Application_1400938454
16,Application_965269408
16,Application_1121166421
16,Application_2143933622
16,Application_744561939
16,Application_1593417508
16,Application_2026515638
16,Application_810709994
16,Application_2110114560
16,Application_1918147104
16,Application_22706563
16,Application_1993419132
16,Application_1651466349
16,Application_342427545
16,Application_942188311
16,Application_526777454
16,Application_336026971
16,Application_1020735316
16,Application_16529477
16,Application_490645246
16,Application_409025300
16,Application_124214356
16,Application_218791491
16,Application_1832605266
16,Application_1599355993
16,Application_1822686904
16,Application_1764056617
16,Application_834711528
16,Application_405102018
16,Application_1243011234
16,Application_2031072542
16,Application_582038234
16,Application_1102053584
16,Application_91858316
16,Application_1858993401
16,Application_1141179580
16,Application_983226435
16,Application_1667437865
16,Application_645293411
16,Application_1895218789
16,Application_848927776
16,Application_1964832820
16,Application_313469192
16,Application_357563354
16,Application_1080060964
16,Application_1143196798
16,Application_666172526
16,Application_953641566
16,Application_981962438
16,Application_1087909645
16,Application_677685696
16,Application_307233076
16,Application_1198484
16,Application_778294287
16,Application_1864853295
16,Application_1128037409
16,Application_1528389460
16,Application_1120199934
16,Application_1824525898
16,Application_514398902
16,Application_1958008419
16,Application_1501127795
16,Application_1591892358
16,Application_1403322284
16,Application_2136837930
16,Application_39654774
16,Application_564401264
16,Application_696734932
16,Application_1494439975
16,Application_474616263
16,Application_322207784
16,Application_1837462519
16,Application_841717021
16,Application_1041940949
16,Application_2145932809
16,Application_1669189775
16,Application_1968368712
16,Application_1814325221
16,Application_1018089402
16,Application_1009359277
16,Application_2108138317
16,Application_214061440
16,Application_782935304
16,Application_564276126
16,Application_1145386484
16,Application_234076589
16,Application_573277263
16,Application_702224825
16,Application_584942744
16,Application_366554492
16,Application_1890639301
16,Application_2092383408
16,Application_2034562996
16,Application_1568684630
16,Application_2031865665
16,Application_938221508
16,Application_1731238463
16,Application_1288416901
16,Application_2067486485
16,Application_2001168002
16,Application_91671659
16,Application_592533899
16,Application_616644670
16,Application_592253335
16,Application_1563003348
16,Application_910430727
16,Application_1078949552
16,Application_850345065
16,Application_916132326
16,Application_133164771
16,Application_175102263
16,Application_868102003
16,Application_864334008
16,Application_2003953465
16,Application_1823681895
16,Application_1968921696
16,Application_771233850
16,Application_1907764759
16,Application_1995862436
16,Application_222295771
16,Application_923406445
16,Application_1565316268
16,Application_199480038
16,Application_1236915917
16,Application_486190565
16,Application_1301610617
16,Application_770521810
16,Application_1853502124
16,Application_331401841
16,Application_480049
16,Application_1721987107
16,Application_460989096
16,Application_691231975
16,Application_1307844760
16,Application_1025536070
16,Application_2056247987
16,Application_1410263244
16,Application_588494517
16,Application_1863779672
16,Application_1984985896
16,Application_2133375401
16,Application_1438612386
16,Application_1294577318
16,Application_1331271629
16,Application_966548766
16,Application_1439292997
16,Application_1358916253
16,Application_1218595396
16,Application_1745346635
16,Application_37332935
16,Application_759669339
16,Application_1308956644
16,Application_1002013470
16,Application_548234389
16,Application_971758744
16,Application_1836083756
16,Application_320464805
16,Application_733209952
16,Application_577491572
16,Application_949814648
16,Application_1090386869
16,Application_1021913039
16,Application_148060446
16,Application_1406732715
16,Application_1648619619
16,Application_1448801673
16,Application_2001029717
16,Application_1976651383
16,Application_346641351
16,Application_1802029012
16,Application_108378127
16,Application_1169795193
16,Application_707700019
16,Application_374444957
16,Application_1948926595
16,Application_712286089
16,Application_51568568
16,Application_1158377896
16,Application_509635385
16,Application_426600703
16,Application_517547402
16,Application_317157432
16,Application_1925359371
16,Application_1290264566
16,Application_2008202503
16,Application_529725527
16,Application_1729933761
16,Application_1841328925
16,Application_923956756
16,Application_295611064
16,Application_2085129585
16,Application_905247137
16,Application_543876854
16,Application_660516532
16,Application_2014289827
16,Application_986254709
16,Application_2139135868
16,Application_1782852189
16,Application_1080753572
16,Application_43905728
16,Application_675572085
16,Application_1262492653
16,Application_594885183
16,Application_921922902
16,Application_683690191
16,Application_1765480767
16,Application_1045724843
16,Application_1252484296
16,Application_937274209
16,Application_1477021386
16,Application_666283240
16,Application_895790317
16,Application_28307391
16,Application_1112876368
16,Application_766131246
16,Application_1169356777
16,Application_1859453433
16,Application_1400303605
16,Application_2039847239
16,Application_1331522559
16,Application_1584544254
16,Application_1691460128
16,Application_1238299456
16,Application_1639903603
16,Application_1651853591
16,Application_1355945644
16,Application_1847378722
16,Application_1984247659
16,Application_699037232
16,Application_757178253
16,Application_549932310
16,Application_122547923
16,Application_272558729
16,Application_1081695790
16,Application_1052740254
16,Application_955563438
16,Application_1691337772
16,Application_923503733
16,Application_1003213123
16,Application_392228628
16,Application_643176291
16,Application_1659263465
16,Application_1149655953
16,Application_1312170166
16,Application_855346075
16,Application_802416567
16,Application_1383530613
16,Application_1303627430
16,Application_37517379
16,Application_257501952
16,Application_859266888
16,Application_1929631403
16,Application_289242623
16,Application_1046834404
16,Application_1515235165
16,Application_974868974
16,Application_741075840
16,Application_488496337
16,Application_1562591754
16,Application_243699734
16,Application_1158871047
16,Application_747766514
16,Application_510980371
16,Application_1119407054
16,Application_710744550
16,Application_357088901
16,Application_1209676119
16,Application_1113168636
16,Application_787712141
16,Application_74080697
16,Application_969699413
16,Application_116128683
16,Application_569478541
16,Application_1402152809
16,Application_2101854749
16,Application_2074357653
16,Application_1112590740
16,Application_2030605346
16,Application_80709811
16,Application_1116530723
16,Application_1016339725
16,Application_172749595
16,Application_690014758
16,Application_1006058240
16,Application_547268346
16,Application_2112209240
16,Application_2100914196
16,Application_2099887028
16,Application_1503772503
16,Application_94670320
16,Application_959743614
16,Application_3818082
16,Application_951640089
16,Application_1140496903
16,Application_662659972
16,Application_124569708
16,Application_1627135926
16,Application_1392404643
16,Application_66072191
16,Application_452860410
16,Application_2026682298
16,Application_524989072
16,Application_1955752574
16,Application_1625886684
16,Application_1301772276
16,Application_1032369855
16,Application_1908714490
16,Application_394412011
16,Application_1999451906
16,Application_758513444
16,Application_1015777884
16,Application_631344453
16,Application_1502439614
16,Application_1487459545
16,Application_1708298483
16,Application_1800318205
16,Application_110502786
16,Application_305964583
16,Application_890975854
16,Application_670260631
16,Application_1458580558
16,Application_1966896227
16,Application_1696321554
16,Application_262095524
16,Application_56467091
16,Application_465236638
16,Application_1778651769
16,Application_727070879
16,Application_1370470331
16,Application_177083889
16,Application_722578462
16,Application_180597245
16,Application_637443396
16,Application_608923622
16,Application_1347511481
16,Application_509036001
16,Application_521733206
16,Application_210847484
16,Application_1584306755
16,Application_729697673
16,Application_134745858
16,Application_1457797265
16,Application_1237813582
16,Application_1177121671
16,Application_1391573006
16,Application_2010606095
16,Application_282011643
16,Application_1248564607
16,Application_2000446983
16,Application_1669653980
16,Application_548617266
16,Application_1250405904
16,Application_623125490
16,Application_777125023
16,Application_743052720
16,Application_944574465
16,Application_1193161185
16,Application_219664643
16,Application_937706484
16,Application_1449837143
16,Application_1164410455
16,Application_414438383
16,Application_248337955
16,Application_15330255
16,Application_1697318009
16,Application_701514059
16,Application_743333113
16,Application_262306667
16,Application_1166791291
16,Application_905319675
16,Application_1380421237
16,Application_541689990
16,Application_451692880
16,Application_93995216
16,Application_1227849499
16,Application_1335280018
16,Application_2111433968
16,Application_1098955308
16,Application_1512184833
16,Application_1968905973
16,Application_362903716
16,Application_114395909
16,Application_50620498
16,Application_793220640
16,Application_369785843
16,Application_1938102374
16,Application_564537369
16,Application_953999753
16,Application_1841581377
16,Application_804201870
16,Application_1033039379
16,Application_2002877311
16,Application_1559902945
16,Application_1198497217
16,Application_1066042180
16,Application_1339031841
16,Application_59014720
16,Application_2092189296
16,Application_944269054
16,Application_1852483606
16,Application_922441325
16,Application_578809699
16,Application_462454430
16,Application_777047773
16,Application_36497911
16,Application_2067546046
16,Application_835009684
16,Application_76138842
16,Application_494354590
16,Application_327168266
16,Application_588010971
16,Application_1981051213
16,Application_61094189
16,Application_604477014
16,Application_1822335659
16,Application_1376997987
16,Application_1102655533
16,Application_1836071906
16,Application_456764763
16,Application_1693853072
16,Application_1470167814
16,Application_1960349615
16,Application_793788513
16,Application_961057644
16,Application_469638847
16,Application_2112068483
16,Application_231977792
16,Application_1033312536
16,Application_853127708
16,Application_927702043
16,Application_871511729
16,Application_735953270
16,Application_1582160031
16,Application_1975575428
16,Application_245599142
16,Application_747784121
16,Application_724935267
16,Application_1966254763
16,Application_1153080286
16,Application_582576974
16,Application_305611931
16,Application_2074051157
16,Application_1428030101
16,Application_722435010
16,Application_2039272155
16,Application_362911825
16,Application_1922414959
16,Application_590572736
16,Application_1730750122
16,Application_997927211
16,Application_454557784
16,Application_454171733
16,Application_1387936941
16,Application_552546639
16,Application_948688787
16,Application_647705656
16,Application_592767974
16,Application_399634253
16,Application_1121456773
16,Application_994658271
16,Application_211976892
16,Application_246992730
16,Application_1449380867
16,Application_2105077158
16,Application_1824105960
16,Application_1883110745
16,Application_1698520663
16,Application_895310472
16,Application_868487000
16,Application_1842610353
16,Application_1414469472
16,Application_1467348009
16,Application_404505015
16,Application_1051928014
16,Application_834087694
16,Application_794561004
16,Application_1609953137
16,Application_448030736
16,Application_1747105194
16,Application_1101206136
16,Application_787636378
16,Application_1259972880
16,Application_1946494915
16,Application_1164741236
16,Application_1364969454
16,Application_479128916
16,Application_442799052
16,Application_668942386
16,Application_536519866
16,Application_251017299
16,Application_376847764
16,Application_701210560
16,Application_1943497450
16,Application_169388172
16,Application_54912177
16,Application_1545822476
16,Application_717602014
16,Application_68069959
16,Application_365271199
16,Application_1232675650
16,Application_2053742759
16,Application_159425596
16,Application_1768638676
16,Application_1023419627
16,Application_1036210171
16,Application_2087853077
16,Application_1327649595
16,Application_1410079605
16,Application_843919031
16,Application_389694047
16,Application_1938341210
16,Application_1331590835
16,Application_1516465659
16,Application_824725999
16,Application_1355018748
16,Application_1972537897
16,Application_439542460
16,Application_192544350
16,Application_2089668148
16,Application_108990047
16,Application_753924463
16,Application_1825797170
16,Application_349559655
16,Application_1232536865
16,Application_951038533
16,Application_1263727247
16,Application_1727619066
16,Application_1108348898
16,Application_1730190343
16,Application_1243007973
16,Application_5850515
16,Application_1066126238
16,Application_2127679401
16,Application_1277462178
16,Application_1054841023
16,Application_1676255292
16,Application_1579079181
16,Application_1223246120
16,Application_103779859
16,Application_1366807547
16,Application_2104095290
16,Application_382616482
16,Application_265293321
16,Application_1058149338
16,Application_2135089873
16,Application_98684084
16,Application_176979331
16,Application_1084464148
16,Application_1212760797
16,Application_709410136
16,Application_2097081505
16,Application_1988979828
16,Application_1789934601
16,Application_1184861719
16,Application_1904219955
16,Application_1284583733
16,Application_598415903
16,Application_827957979
16,Application_1502963665
16,Application_1293944388
16,Application_67728732
16,Application_1102377893
16,Application_257850762
16,Application_1669188319
16,Application_319585293
16,Application_1004317586
16,Application_1118285538
16,Application_33783000
16,Application_1792947271
16,Application_1652695429
16,Application_1487527238
16,Application_1058918555
16,Application_1483136797
16,Application_1106146918
16,Application_1135612114
16,Application_1605931329
16,Application_905303516
16,Application_1943145469
16,Application_1060240430
16,Application_318986510
16,Application_2024261695
16,Application_1014798002
16,Application_1327638315
16,Application_339059703
16,Application_1620695939
16,Application_1222104230
16,Application_941150522
16,Application_1973796032
16,Application_1772274434
16,Application_1151897755
16,Application_1388526517
16,Application_1148233536
16,Application_987876406
16,Application_1035434106
16,Application_1847033425
16,Application_31043467
16,Application_1405856906
16,Application_663134091
16,Application_984170071
16,Application_327753891
16,Application_907576698
16,Application_1269315641
16,Application_164609752
16,Application_1092805390
16,Application_1274923024
16,Application_186264451
16,Application_1571882566
16,Application_1243522820
16,Application_237577413
16,Application_2145853328
16,Application_1932968376
16,Application_599426245
16,Application_634772779
16,Application_2076511986
16,Application_363517005
16,Application_652956366
16,Application_2134267865
16,Application_783880582
16,Application_1467101602
16,Application_1030645475
16,Application_1952006400
16,Application_834541803
16,Application_121770332
16,Application_967486882
16,Application_1186011075
16,Application_1381887838
16,Application_317339492
16,Application_1706313428
16,Application_1548060693
16,Application_740320002
16,Application_533206267
16,Application_136665186
16,Application_1178554291
16,Application_579664461
16,Application_255326627
16,Application_254346617
16,Application_19624742
16,Application_164319398
16,Application_616544005
16,Application_1043782904
16,Application_1540923403
16,Application_465190175
16,Application_1137251453
16,Application_1220006118
16,Application_1111057678
16,Application_1417928243
16,Application_1884371893
16,Application_1145290276
16,Application_58295777
16,Application_888438560
16,Application_759241232
16,Application_254929735
16,Application_1111168705
16,Application_622417263
16,Application_1163291654
16,Application_118364998
16,Application_1903689163
16,Application_398276501
16,Application_1793506570
16,Application_663320149
16,Application_1109500523
16,Application_2045194309
16,Application_907359229
16,Application_1920569696
16,Application_2032179032
16,Application_957614949
16,Application_1521502972
16,Application_845413592
16,Application_1314823602
16,Application_1750072176
16,Application_507436089
16,Application_1008663678
16,Application_250158591
16,Application_1839163450
16,Application_396092392
16,Application_2087713022
16,Application_1714501335
16,Application_1339399261
16,Application_1079589
16,Application_1364469216
16,Application_994315361
16,Application_584717195
16,Application_397038537
16,Application_1523986735
16,Application_1225769256
16,Application_1225025970
16,Application_1995644843
16,Application_1672037226
16,Application_2046377218
16,Application_1486220145
16,Application_1140019355
16,Application_1248532589
16,Application_2047886665
16,Application_306812685
16,Application_637748400
16,Application_203590810
16,Application_1324210895
16,Application_1152706558
16,Application_354855594
16,Application_1801822059
16,Application_1444191625
16,Application_462882090
16,Application_294586112
16,Application_95477936
16,Application_207339253
16,Application_1919805494
16,Application_175918237
16,Application_1721325720
16,Application_2066939992
16,Application_1620539143
16,Application_483931042
16,Application_545474396
16,Application_222629422
16,Application_416694962
16,Application_942057035
16,Application_910353899
16,Application_1679927360
16,Application_368167256
17,Application_1982597468
17,Application_1397601234
17,Application_1858510060
17,Application_2084464663
17,Application_195754915
17,Application_2095601418
17,Application_1091798622
17,Application_2142863124
17,Application_33198689
17,Application_1519103595
18,Application_288955533
18,Application_1795164430
18,Application_540215973
18,Application_1021748617
18,Application_1020410553
18,Application_961756784
18,Application_391099640
19,Application_672060895
19,Application_612471425
19,Application_1959367708
19,Application_363955305
19,Application_325568439
19,Application_2142045957
19,Application_776906675
19,Application_346042050
19,Application_1552373930
19,Application_571618271
19,Application_364658802
19,Application_1114052248
19,Application_276693673
19,Application_1412323927
19,Application_250077480
19,Application_1419380655
19,Application_704173434
19,Application_1724183309
19,Application_2047642467
19,Application_2029271670
20,Application_1497897769
20,Application_1465403463
20,Application_2038216942
20,Application_1769373289
20,Application_1425329540
20,Application_1058243931
20,Application_1904140209
21,Application_791250493
21,Application_80740465
21,Application_674731256
21,Application_1047460576
21,Application_213750846
21,Application_1869871087
21,Application_791487224
22,Application_485131054
22,Application_2078020265
22,Application_1172125329
22,Application_1905015342
22,Application_1468021532
22,Application_1747078975
22,Application_758356402
22,Application_371444171
22,Application_1104832087
22,Application_1270994656
22,Application_242384872
22,Application_1184169516
22,Application_945315562
22,Application_2144399616
22,Application_839061698
22,Application_1429961433
22,Application_102625262
22,Application_1007423229
22,Application_1850018358
22,Application_1592601982
22,Application_233617580
22,Application_522220478
22,Application_1203711600
22,Application_1600216301
22,Application_1038193560
22,Application_1341217021
22,Application_1977427739
22,Application_254408458
22,Application_1921832954
22,Application_412902855
22,Application_1788276574
22,Application_594099387
22,Application_91672050
22,Application_1108318994
22,Application_513616489
22,Application_1856168404
22,Application_1747310451
22,Application_1096555919
22,Application_391392042
22,Application_974447995
22,Application_467120645
22,Application_935545252
22,Application_1071087950
22,Application_1484781251
22,Application_99637432
22,Application_1769734221
22,Application_1065478710
22,Application_712839917
22,Application_2127586761
22,Application_766806831
22,Application_1820191297
22,Application_664546001
22,Application_1740657580
22,Application_1882088228
22,Application_1631142928
22,Application_1959836412
22,Application_846115536
22,Application_2131770838
22,Application_740190804
22,Application_2025784058
22,Application_282848465
22,Application_1330706835
22,Application_33767622
22,Application_19755741
22,Application_600117178
22,Application_1692759426
22,Application_1080374261
22,Application_1773863233
22,Application_1404814926
22,Application_1681270445
22,Application_80063242
22,Application_885005865
22,Application_1968005554
22,Application_374740928
22,Application_1442743235
22,Application_1556045942
22,Application_1774860195
22,Application_485161642
22,Application_5709416
22,Application_1447169405
22,Application_970274306
22,Application_658560478
22,Application_62138795
22,Application_1886874833
22,Application_1180232047
22,Application_705004048
22,Application_1193970472
22,Application_1331967235
22,Application_1833437649
22,Application_44362372
22,Application_1585186665
22,Application_1231776894
22,Application_2019764321
22,Application_1160294540
22,Application_284027138
22,Application_617577405
22,Application_301282030
22,Application_1266302721
22,Application_1488949636
22,Application_1338104164
22,Application_598014193
22,Application_565138093
22,Application_157322660
22,Application_592572289
22,Application_735419817
22,Application_949465314
22,Application_1018658664
22,Application_1839260391
22,Application_1135785992
22,Application_1900025903
22,Application_2073849026
22,Application_1757235578
22,Application_1951823974
22,Application_322727488
22,Application_1823899362
22,Application_1809165374
22,Application_631355726
22,Application_1453558869
22,Application_1681957960
22,Application_578355590
22,Application_1811996139
22,Application_981296873
22,Application_783245694
22,Application_1380496421
22,Application_689552512
22,Application_1150058149
22,Application_1242545671
22,Application_2068014529
22,Application_1241622935
22,Application_1440133651
22,Application_1655449806
22,Application_1212636679
22,Application_1112501306
22,Application_1326001377
22,Application_1201848562
22,Application_1008926043
22,Application_226411455
22,Application_374295626
22,Application_254498965
22,Application_1076995025
22,Application_1051268159
22,Application_1424007259
22,Application_177466388
22,Application_1670508693
22,Application_926759261
22,Application_1435120007
22,Application_1642894481
22,Application_1567394387
22,Application_428405772
22,Application_1194942496
22,Application_221918270
22,Application_520461844
22,Application_454712423
22,Application_552064290
22,Application_1788544153
22,Application_119965779
22,Application_444439696
22,Application_728468718
22,Application_2125738701
22,Application_1198981104
22,Application_1182809003
22,Application_108955082
22,Application_1224579942
22,Application_131798866
22,Application_1884121918
22,Application_1853703463
22,Application_1451482053
22,Application_2126285413
22,Application_1272466781
22,Application_1369363942
22,Application_1537435818
22,Application_796183815
22,Application_1348648361
22,Application_340321174
22,Application_1635851785
22,Application_634640665
22,Application_400033749
22,Application_1626355218
22,Application_199815507
22,Application_1779614169
22,Application_441958769
22,Application_1245828926
22,Application_1277773105
22,Application_1991732843
22,Application_464957199
22,Application_76227329
22,Application_557390310
22,Application_783154443
22,Application_753230285
22,Application_1400826575
22,Application_441853106
22,Application_1111029132
22,Application_407461155
22,Application_1617657859
22,Application_641457453
22,Application_2064221350
22,Application_35944338
22,Application_1491300788
22,Application_129573767
22,Application_590215732
22,Application_940705047
22,Application_1475968760
22,Application_1481242369
22,Application_789334077
22,Application_528406867
22,Application_1160716330
22,Application_1744217682
22,Application_21634890
22,Application_1610638954
22,Application_872415486
22,Application_1917346060
22,Application_1785860221
22,Application_1070499420
23,Application_58755651
23,Application_1203742645
23,Application_1394311616
23,Application_1062630788
23,Application_1125195549
23,Application_96457854
23,Application_2121832198
23,Application_874955424
23,Application_752505942
23,Application_864497913
23,Application_467350209
23,Application_855533470
23,Application_1142548986
23,Application_1860145301
23,Application_1003257895
23,Application_897614192
23,Application_76120364
23,Application_931532750
23,Application_1127956985
23,Application_70614303
23,Application_158116531
23,Application_557613431
23,Application_1710790959
23,Application_904285318
23,Application_879916222
23,Application_1512812900
23,Application_81521642
23,Application_1599946706
23,Application_469084980
23,Application_926870086
23,Application_45194543
23,Application_817532877
23,Application_2140598609
23,Application_1930514771
23,Application_1051009052
23,Application_745306298
23,Application_818988550
23,Application_894324950
23,Application_1672160937
23,Application_1124268414
23,Application_1019687793
23,Application_1804461781
23,Application_218707596
23,Application_13566959
23,Application_1522749626
23,Application_1971362714
23,Application_1123320394
