rule_id,case_id
0,Application_1300843234
0,Application_1931792282
0,Application_74089970
0,Application_1299976284
0,Application_481210204
0,Application_818693455
0,Application_555366492
0,Application_1760683579
0,Application_909100209
0,Application_1800788442
0,Application_299646442
0,Application_323048075
0,Application_680267904
0,Application_285199122
0,Application_893519087
0,Application_1666984263
0,Application_1555969086
0,Application_1985519013
0,Application_1962237641
0,Application_525204220
0,Application_1691560307
0,Application_716921175
0,Application_977257239
0,Application_424038944
0,Application_1918971781
0,Application_1941145131
0,Application_423971419
0,Application_1772661618
0,Application_1841570712
0,Application_258789438
0,Application_891145200
0,Application_312833689
0,Application_160885036
0,Application_951384308
0,Application_356937764
0,Application_1365810935
0,Application_637418409
0,Application_1138536788
0,Application_748856154
0,Application_541575904
0,Application_593449510
0,Application_1466768841
0,Application_431846898
0,Application_68557738
0,Application_1823706656
0,Application_1493252145
0,Application_560016471
0,Application_1192907459
0,Application_492588902
0,Application_1366996307
0,Application_879812556
0,Application_2082744800
0,Application_926109030
0,Application_1084562941
0,Application_2140778990
0,Application_317725252
0,Application_16505643
0,Application_818552981
0,Application_1410770383
0,Application_2087481623
0,Application_608609716
0,Application_1571383880
0,Application_1471879218
0,Application_1301085112
0,Application_1541452316
0,Application_1638285326
0,Application_2144451517
0,Application_952740547
0,Application_791859837
0,Application_1778266019
0,Application_1258746465
0,Application_992509096
0,Application_1785229252
0,Application_213710034
0,Application_102018713
0,Application_932586349
0,Application_1100210112
0,Application_1710543601
0,Application_2053360998
0,Application_861174392
0,Application_576881743
0,Application_741039245
0,Application_1449941621
0,Application_1730913786
0,Application_2094879627
0,Application_1732152740
0,Application_387229422
0,Application_1408498898
0,Application_275653856
0,Application_749738020
0,Application_1029342308
0,Application_939620670
0,Application_2015286613
0,Application_1556351502
0,Application_1317630601
0,Application_1786736253
0,Application_202680930
0,Application_995108241
0,Application_1111943292
0,Application_355753971
0,Application_1253470806
0,Application_1627096390
0,Application_1712871184
0,Application_445835283
0,Application_356026670
0,Application_1954144864
0,Application_1598320370
0,Application_1267400390
0,Application_656979961
0,Application_1329021086
0,Application_1035356995
0,Application_864932205
0,Application_1965993805
0,Application_1112996855
0,Application_1626768496
0,Application_1720703801
0,Application_880326628
0,Application_245034739
0,Application_1302622905
0,Application_78151586
0,Application_1608079366
0,Application_347543285
0,Application_1786312725
0,Application_1423866185
0,Application_1131111908
0,Application_1048918140
0,Application_2119240461
0,Application_670760216
0,Application_847862372
0,Application_1694716314
0,Application_1663458866
0,Application_1379464024
0,Application_711287867
0,Application_1962789008
0,Application_1290192129
0,Application_444182929
0,Application_1925010934
0,Application_626804169
0,Application_1353398749
0,Application_991699701
0,Application_179733215
0,Application_54673097
0,Application_1985722666
0,Application_1332471896
0,Application_1607895825
0,Application_1797125617
0,Application_1173884382
0,Application_27118645
0,Application_527363620
0,Application_710573029
0,Application_1863843995
0,Application_1579831116
0,Application_426493590
0,Application_988584174
0,Application_1679262953
0,Application_1899433995
0,Application_1589739639
0,Application_806358684
0,Application_1194465021
0,Application_415636952
0,Application_63923439
0,Application_1443205860
0,Application_763187036
0,Application_123281093
0,Application_1244824900
0,Application_457099325
0,Application_182914615
0,Application_1139692633
0,Application_826674149
0,Application_1499275944
0,Application_175683523
0,Application_303168428
0,Application_1821302981
0,Application_62973404
0,Application_1216133547
0,Application_274091793
0,Application_429025921
0,Application_903028429
0,Application_639168651
0,Application_2042406121
0,Application_1523994672
0,Application_536568889
0,Application_96448604
0,Application_1335239652
0,Application_1842591125
0,Application_1997244808
0,Application_1064577726
0,Application_161125862
0,Application_1154088974
0,Application_1026497688
0,Application_1407026848
0,Application_1246524167
0,Application_1528598069
0,Application_1140304705
0,Application_1276681521
0,Application_723241546
0,Application_1790831680
0,Application_298767760
0,Application_2108392299
0,Application_1387349041
0,Application_589152015
0,Application_1927089088
0,Application_1841925470
0,Application_1986298579
0,Application_722389201
0,Application_608002249
0,Application_1724380505
0,Application_2034787267
0,Application_45877425
0,Application_1343149415
0,Application_417970911
0,Application_764901320
0,Application_1216024217
0,Application_948220422
0,Application_1065962262
0,Application_1218082757
0,Application_1829024669
0,Application_1938093015
0,Application_1491527622
0,Application_601862065
0,Application_1291877105
0,Application_1526897565
0,Application_277881011
0,Application_768135375
0,Application_630942454
0,Application_1408250846
0,Application_1938499688
0,Application_97127623
0,Application_1026157505
0,Application_1598375191
0,Application_1293442260
0,Application_449329426
0,Application_1839855484
0,Application_619302279
0,Application_1027284246
0,Application_143169917
0,Application_1126742085
0,Application_181366823
0,Application_825801349
0,Application_1607375745
0,Application_107974001
0,Application_503618101
0,Application_837562349
0,Application_374167668
0,Application_310763026
0,Application_1797450520
0,Application_385512470
0,Application_1046181469
0,Application_2047779762
0,Application_723233417
0,Application_995081132
0,Application_202971781
0,Application_1053715175
0,Application_1891953028
0,Application_1283114291
0,Application_1523939309
0,Application_673177567
0,Application_1385917480
0,Application_1883491797
0,Application_302995648
0,Application_938818567
0,Application_1865110856
0,Application_90436943
0,Application_1396568513
0,Application_70458128
0,Application_344057283
0,Application_2025293576
0,Application_399511354
0,Application_87242903
0,Application_2080271302
0,Application_1954624131
0,Application_123759980
0,Application_502039945
0,Application_1301036213
0,Application_257049161
0,Application_96907665
0,Application_1656557484
0,Application_1581390020
0,Application_883249953
0,Application_544275203
0,Application_1950882001
0,Application_1141523957
0,Application_992420778
0,Application_906615431
0,Application_1825661646
0,Application_151353076
0,Application_1726039495
0,Application_903361547
0,Application_1485554314
0,Application_2015493284
0,Application_323652266
0,Application_363543132
0,Application_392732686
0,Application_1097183316
0,Application_1731458298
0,Application_1604007401
0,Application_1220926209
0,Application_1970637517
0,Application_1554699906
0,Application_3734556
0,Application_1433822964
0,Application_1443666620
0,Application_321639988
0,Application_239456870
0,Application_1043186322
0,Application_1505068060
0,Application_563181492
0,Application_797609517
0,Application_2137333928
0,Application_1442063096
0,Application_891766920
0,Application_1970864584
0,Application_397979327
0,Application_952134472
0,Application_389378059
0,Application_1790628102
0,Application_960846305
0,Application_671352149
0,Application_1722230762
0,Application_1337522327
0,Application_1269614744
0,Application_1358494607
0,Application_641614146
0,Application_2059946181
0,Application_537055635
0,Application_219440919
0,Application_1841985459
0,Application_1522309222
0,Application_1510226718
0,Application_1254754311
0,Application_1802940331
0,Application_1579912928
0,Application_1345659499
0,Application_542387968
0,Application_1342824235
0,Application_1012695759
0,Application_1003896153
0,Application_1218424359
0,Application_649459695
0,Application_602593449
0,Application_1517844614
0,Application_942962556
0,Application_963128909
0,Application_1380243291
0,Application_326005778
0,Application_96414790
0,Application_1811993938
0,Application_88372811
0,Application_775647630
0,Application_1389114601
0,Application_1674908659
0,Application_1618821415
0,Application_139023923
0,Application_151760649
0,Application_438042117
0,Application_893661271
0,Application_1782290741
0,Application_1416337672
0,Application_1394896717
0,Application_838884307
0,Application_393028659
0,Application_1002747267
0,Application_1191734939
0,Application_478366268
0,Application_1836482704
0,Application_671678776
0,Application_1874833508
0,Application_1946760193
0,Application_673399253
0,Application_1703523475
0,Application_309817125
0,Application_963485644
0,Application_825960193
0,Application_519478762
0,Application_317789291
0,Application_199635820
0,Application_197229144
0,Application_1736978527
0,Application_1607153860
0,Application_1742866950
0,Application_154179391
0,Application_1913890786
0,Application_1023037940
0,Application_1183136852
0,Application_1734947142
0,Application_1125229039
0,Application_1283751278
0,Application_1453589065
0,Application_483126363
1,Application_1691306052
1,Application_1878239836
1,Application_1806387393
1,Application_319587802
1,Application_546206358
1,Application_1193723578
1,Application_987262285
1,Application_396349881
1,Application_58755651
1,Application_774787486
1,Application_914660918
1,Application_167944225
1,Application_1696031128
1,Application_525275343
1,Application_2070389081
1,Application_864903752
1,Application_485131054
1,Application_1723028098
1,Application_1310063638
1,Application_1141114991
1,Application_2078020265
1,Application_1643165806
1,Application_1892186837
1,Application_1447851462
1,Application_969058358
1,Application_402039661
1,Application_1172125329
1,Application_125495187
1,Application_1853222107
1,Application_987213908
1,Application_1291947335
1,Application_2003843374
1,Application_807098596
1,Application_1634651522
1,Application_1470184564
1,Application_1944285638
1,Application_1014301064
1,Application_1502516207
1,Application_1771304108
1,Application_2081147987
1,Application_1462703151
1,Application_1905015342
1,Application_1600150028
1,Application_524429786
1,Application_5240566
1,Application_1938300690
1,Application_1468021532
1,Application_584603030
1,Application_1903580067
1,Application_316292435
1,Application_953392572
1,Application_1221068482
1,Application_1955246402
1,Application_505823301
1,Application_1814433442
1,Application_597160934
1,Application_1029986710
1,Application_1747078975
1,Application_1434477082
1,Application_1973046230
1,Application_1246596843
1,Application_519973903
1,Application_257274630
1,Application_1959715736
1,Application_526545505
1,Application_262728725
1,Application_1778663922
1,Application_758356402
1,Application_343777769
1,Application_19385579
1,Application_608964116
1,Application_1220146067
1,Application_327983119
1,Application_1096968149
1,Application_371444171
1,Application_645282036
1,Application_1942048129
1,Application_1207038345
1,Application_384006007
1,Application_1744454993
1,Application_224001459
1,Application_1982597468
1,Application_213029581
1,Application_217630695
1,Application_672060895
1,Application_1104832087
1,Application_1132809491
1,Application_592185579
1,Application_288955533
1,Application_35262179
1,Application_1885478669
1,Application_842478362
1,Application_37288045
1,Application_32340702
1,Application_1778791004
1,Application_1014760259
1,Application_268576214
1,Application_1705432175
1,Application_1541161276
1,Application_1698374359
1,Application_1569845993
1,Application_1950841165
1,Application_1811684691
1,Application_1028275195
1,Application_387517699
1,Application_1948430603
1,Application_1388535332
1,Application_607556337
1,Application_765916186
1,Application_266262290
1,Application_220799111
1,Application_216184154
1,Application_717431849
1,Application_1932260488
1,Application_706900638
1,Application_1397601234
1,Application_161868482
1,Application_1340833880
1,Application_141242052
1,Application_1123503301
1,Application_996408810
1,Application_864359285
1,Application_901692229
1,Application_712156236
1,Application_2116808282
1,Application_1044260282
1,Application_362508224
1,Application_1447778468
1,Application_1203742645
1,Application_1824540654
1,Application_1270994656
1,Application_275369916
1,Application_1473369507
1,Application_1386033537
1,Application_1879432062
1,Application_1611324991
1,Application_1174109909
1,Application_1395319206
1,Application_1542239327
1,Application_713863600
1,Application_1370354556
1,Application_16686366
1,Application_645400256
1,Application_791250493
1,Application_60321550
1,Application_242384872
1,Application_1426517064
1,Application_491256589
1,Application_1365943918
1,Application_1648118746
1,Application_1858588614
1,Application_773469136
1,Application_998130267
1,Application_80740465
1,Application_1184169516
1,Application_2108119743
1,Application_926295021
1,Application_1835125945
1,Application_945315562
1,Application_81204346
1,Application_941143913
1,Application_1649230612
1,Application_541009281
1,Application_1946407808
1,Application_850467381
1,Application_1717778705
1,Application_2144399616
1,Application_1016541821
1,Application_85908702
1,Application_1098278191
1,Application_839061698
1,Application_1314936947
1,Application_1424793760
1,Application_1214558658
1,Application_2134379778
1,Application_833171339
1,Application_1453565909
1,Application_431447847
1,Application_294742387
1,Application_1429961433
1,Application_1972021216
1,Application_277098104
1,Application_1643015710
1,Application_1700699492
1,Application_163121479
1,Application_878691785
1,Application_97529474
1,Application_1758039972
1,Application_1394311616
1,Application_1446138707
1,Application_383365555
1,Application_1402189400
1,Application_2028935007
1,Application_954463239
1,Application_1062630788
1,Application_102625262
1,Application_1409740498
1,Application_278804236
1,Application_721267553
1,Application_1007423229
1,Application_1354811170
1,Application_588423912
1,Application_1400938454
1,Application_1641940616
1,Application_200538025
1,Application_1029307193
1,Application_240029818
1,Application_965269408
1,Application_1694891010
1,Application_1121166421
1,Application_1850018358
1,Application_2143933622
1,Application_744561939
1,Application_1521252224
1,Application_1592601982
1,Application_1593417508
1,Application_2026515638
1,Application_810709994
1,Application_2137021339
1,Application_531311601
1,Application_2110114560
1,Application_1166300620
1,Application_1443994940
1,Application_702265255
1,Application_1918147104
1,Application_460878658
1,Application_22706563
1,Application_92507213
1,Application_635993067
1,Application_1993419132
1,Application_1651466349
1,Application_1540837872
1,Application_1497897769
1,Application_1647554936
1,Application_2053390692
1,Application_394119601
1,Application_342427545
1,Application_1822411778
1,Application_942188311
1,Application_505978470
1,Application_1896194935
1,Application_1991950103
1,Application_527301970
1,Application_526777454
1,Application_1609314032
1,Application_1995359590
1,Application_511941992
1,Application_1602516282
1,Application_578544901
1,Application_854107843
1,Application_1939384640
1,Application_1043438250
1,Application_336026971
1,Application_1020735316
1,Application_16529477
1,Application_1125195549
1,Application_1657726041
1,Application_490645246
1,Application_1684086729
1,Application_955791274
1,Application_1498465982
1,Application_1756336965
1,Application_379062460
1,Application_409025300
1,Application_124214356
1,Application_1324325208
1,Application_218791491
1,Application_755257322
1,Application_1198627231
1,Application_1821918762
1,Application_1961321975
1,Application_785097343
1,Application_488139011
1,Application_1832605266
1,Application_1599355993
1,Application_2070526377
1,Application_1889759116
1,Application_1780904875
1,Application_295979157
1,Application_1632818432
1,Application_711068971
1,Application_1822686904
1,Application_972266787
1,Application_1157383835
1,Application_1171008881
1,Application_1764056617
1,Application_171520715
1,Application_834711528
1,Application_866192051
1,Application_419387657
1,Application_634330591
1,Application_1911112705
1,Application_405102018
1,Application_80832527
1,Application_1667394009
1,Application_233617580
1,Application_1354823611
1,Application_716961512
1,Application_1617693685
1,Application_1243011234
1,Application_430144035
1,Application_1611018977
1,Application_1344139947
1,Application_1827181681
1,Application_1207682902
1,Application_998600110
1,Application_427859499
1,Application_1384713944
1,Application_53038581
1,Application_522220478
1,Application_953994341
1,Application_2031072542
1,Application_246521681
1,Application_582038234
1,Application_1203711600
1,Application_558734362
1,Application_937997530
1,Application_1102053584
1,Application_91858316
1,Application_1858993401
1,Application_1141179580
1,Application_402271064
1,Application_983226435
1,Application_1667437865
1,Application_2000863459
1,Application_645293411
1,Application_1779884800
1,Application_1895218789
1,Application_96457854
1,Application_848927776
1,Application_1964832820
1,Application_1600216301
1,Application_313469192
1,Application_357563354
1,Application_794323532
1,Application_1263189516
1,Application_508356144
1,Application_1080060964
1,Application_2061894299
1,Application_2121832198
1,Application_1143196798
1,Application_1716634215
1,Application_1234336445
1,Application_1865725323
1,Application_202534910
1,Application_397358164
1,Application_1038193560
1,Application_1548436767
1,Application_136457112
1,Application_494347751
1,Application_1849571436
1,Application_666172526
1,Application_953641566
1,Application_1807815107
1,Application_1583195260
1,Application_1341217021
1,Application_405641704
1,Application_2090379484
1,Application_225643837
1,Application_981962438
1,Application_1977427739
1,Application_1087909645
1,Application_1760251707
1,Application_677685696
1,Application_1528592084
1,Application_307233076
1,Application_254408458
1,Application_1693405530
1,Application_1862076158
1,Application_1719069496
1,Application_1198484
1,Application_1815300558
1,Application_711527003
1,Application_1358972199
1,Application_778294287
1,Application_1921832954
1,Application_919407038
1,Application_1787991043
1,Application_1100457126
1,Application_1872274352
1,Application_1864853295
1,Application_1090605487
1,Application_956935409
1,Application_612471425
1,Application_1392579942
1,Application_436634056
1,Application_1128037409
1,Application_1528389460
1,Application_1120199934
1,Application_1450268698
1,Application_131088156
1,Application_289756631
1,Application_874955424
1,Application_2118302924
1,Application_1957857019
1,Application_120531207
1,Application_1824525898
1,Application_514398902
1,Application_526273418
1,Application_881521733
1,Application_925291044
1,Application_751721000
1,Application_1236882691
1,Application_1208598383
1,Application_548419129
1,Application_337026367
1,Application_1527181298
1,Application_1958008419
1,Application_571331955
1,Application_1921211831
1,Application_1501127795
1,Application_1645650193
1,Application_1878335247
1,Application_1002051388
1,Application_1591892358
1,Application_407038019
1,Application_1154315811
1,Application_1403322284
1,Application_176248145
1,Application_2136837930
1,Application_1373118338
1,Application_39654774
1,Application_1380037651
1,Application_2119718741
1,Application_493690701
1,Application_564401264
1,Application_1194796236
1,Application_1416093231
1,Application_412902855
1,Application_1188147611
1,Application_1337021961
1,Application_696734932
1,Application_1494439975
1,Application_173891039
1,Application_598019466
1,Application_1912333796
1,Application_1689887740
1,Application_2139576211
1,Application_474616263
1,Application_322207784
1,Application_1406152685
1,Application_1837462519
1,Application_247893261
1,Application_2061860558
1,Application_1711981639
1,Application_448674532
1,Application_316137956
1,Application_787148081
1,Application_1791257668
1,Application_1541603960
1,Application_1788276574
1,Application_841717021
1,Application_594099387
1,Application_1996816733
1,Application_634078808
1,Application_1000647090
1,Application_91672050
1,Application_348579057
1,Application_2077766227
1,Application_1041940949
1,Application_1108318994
1,Application_2145932809
1,Application_1062743672
1,Application_752505942
1,Application_1693585514
1,Application_320887161
1,Application_1669189775
1,Application_1968368712
1,Application_37930769
1,Application_1814325221
1,Application_1085318545
1,Application_1013582921
1,Application_386035585
1,Application_1018089402
1,Application_1363339366
1,Application_513616489
1,Application_1009359277
1,Application_2108138317
1,Application_214061440
1,Application_10535231
1,Application_92918427
1,Application_782935304
1,Application_1856168404
1,Application_30821353
1,Application_564276126
1,Application_1145386484
1,Application_234076589
1,Application_858495185
1,Application_853133658
1,Application_219463138
1,Application_1690716209
1,Application_1747310451
1,Application_1268243744
1,Application_777194034
1,Application_573277263
1,Application_177868383
1,Application_702224825
1,Application_1716665384
1,Application_354204529
1,Application_584942744
1,Application_623888087
1,Application_366554492
1,Application_1890639301
1,Application_1096555919
1,Application_56677497
1,Application_2092383408
1,Application_1714523120
1,Application_2034562996
1,Application_1568684630
1,Application_2031865665
1,Application_450220910
1,Application_938221508
1,Application_1731238463
1,Application_946723017
1,Application_1288416901
1,Application_1646167756
1,Application_1103525626
1,Application_391392042
1,Application_1723963074
1,Application_974447995
1,Application_1363998176
1,Application_2067486485
1,Application_2001168002
1,Application_91671659
1,Application_306588897
1,Application_1039561265
1,Application_592533899
1,Application_1288870281
1,Application_467120645
1,Application_227664287
1,Application_935545252
1,Application_907020089
1,Application_616644670
1,Application_592253335
1,Application_350820149
1,Application_1339122697
1,Application_1563003348
1,Application_1585699297
1,Application_35905526
1,Application_910430727
1,Application_785468545
1,Application_1071087950
1,Application_1078949552
1,Application_850345065
1,Application_1476866922
1,Application_916132326
1,Application_1217041900
1,Application_1484781251
1,Application_133164771
1,Application_1513406442
1,Application_1129485419
1,Application_1498699021
1,Application_99637432
1,Application_1657413785
1,Application_175102263
1,Application_503589934
1,Application_2009784943
1,Application_1769734221
1,Application_493845140
1,Application_1808644519
1,Application_868102003
1,Application_1559729956
1,Application_864334008
1,Application_641738626
1,Application_1546281404
1,Application_2136453974
1,Application_864497913
1,Application_900460993
1,Application_1256078078
1,Application_2003953465
1,Application_1823681895
1,Application_1632392078
1,Application_1968921696
1,Application_771233850
1,Application_1469859342
1,Application_382259395
1,Application_1959367708
1,Application_1907764759
1,Application_1331629354
1,Application_2066675404
1,Application_49271927
1,Application_42852858
1,Application_2040969462
1,Application_1683071807
1,Application_1995862436
1,Application_222295771
1,Application_545473242
1,Application_438379970
1,Application_162497967
1,Application_1814321194
1,Application_1351336683
1,Application_1574079518
1,Application_828951778
1,Application_576035670
1,Application_923406445
1,Application_1481162623
1,Application_1795164430
1,Application_1565316268
1,Application_1065478710
1,Application_199480038
1,Application_1292199013
1,Application_1187707414
1,Application_142343024
1,Application_1733355006
1,Application_988069477
1,Application_1351265740
1,Application_273064050
1,Application_1858510060
1,Application_489736371
1,Application_712839917
1,Application_1236915917
1,Application_894777546
1,Application_187552693
1,Application_447287054
1,Application_486190565
1,Application_811417218
1,Application_2127586761
1,Application_2346788
1,Application_1320598114
1,Application_680671788
1,Application_1093248621
1,Application_375415556
1,Application_1863626598
1,Application_320107802
1,Application_1301610617
1,Application_1014738976
1,Application_1011657063
1,Application_157986780
1,Application_766806831
1,Application_770521810
1,Application_1853502124
1,Application_331401841
1,Application_1644338098
1,Application_276624028
1,Application_480049
1,Application_1708169532
1,Application_462940012
1,Application_1721987107
1,Application_460989096
1,Application_968216344
1,Application_1330582846
1,Application_1898360280
1,Application_691231975
1,Application_1820191297
1,Application_1307844760
1,Application_1424943878
1,Application_739151315
1,Application_1025536070
1,Application_961629305
1,Application_865530320
1,Application_2056247987
1,Application_1833180628
1,Application_1410263244
1,Application_1214550142
1,Application_588494517
1,Application_712190633
1,Application_664546001
1,Application_1863779672
1,Application_349957809
1,Application_1829215276
1,Application_1984985896
1,Application_2133375401
1,Application_1920004538
1,Application_1678028174
1,Application_1262887348
1,Application_1438612386
1,Application_939691189
1,Application_1305811960
1,Application_1294577318
1,Application_1331271629
1,Application_1962706192
1,Application_263798827
1,Application_1905641443
1,Application_1740657580
1,Application_966548766
1,Application_359703157
1,Application_1439292997
1,Application_100589233
1,Application_1358916253
1,Application_1218595396
1,Application_1841039405
1,Application_217304207
1,Application_1947299550
1,Application_1302702228
1,Application_438652225
1,Application_1745346635
1,Application_37332935
1,Application_305708618
1,Application_1034230663
1,Application_684944068
1,Application_1886163085
1,Application_1348600041
1,Application_1519719618
1,Application_120420332
1,Application_1668755806
1,Application_1834213163
1,Application_759669339
1,Application_1463737208
1,Application_1308956644
1,Application_1002013470
1,Application_1360299305
1,Application_241380269
1,Application_1907738962
1,Application_1941000802
1,Application_548234389
1,Application_971758744
1,Application_1882088228
1,Application_1631142928
1,Application_1836083756
1,Application_801847530
1,Application_380295503
1,Application_363955305
1,Application_320464805
1,Application_1895053688
1,Application_733209952
1,Application_1878246886
1,Application_1876874075
1,Application_1090564097
1,Application_1231671483
1,Application_1206904937
1,Application_577491572
1,Application_1959836412
1,Application_949814648
1,Application_1708594599
1,Application_1620285047
1,Application_1754136234
1,Application_81911405
1,Application_1090386869
1,Application_2058492552
1,Application_124231906
1,Application_1021913039
1,Application_869116987
1,Application_148060446
1,Application_1406732715
1,Application_1648619619
1,Application_1495971439
1,Application_1448801673
1,Application_2001029717
1,Application_1139142792
1,Application_70575133
1,Application_846115536
1,Application_763305655
1,Application_2131770838
1,Application_663094571
1,Application_1976651383
1,Application_797280184
1,Application_740190804
1,Application_1506479388
1,Application_1085885640
1,Application_302395205
1,Application_722853922
1,Application_346641351
1,Application_1548649062
1,Application_214534974
1,Application_110099600
1,Application_1802029012
1,Application_108378127
1,Application_2070124537
1,Application_1169795193
1,Application_1693440880
1,Application_1305749720
1,Application_325568439
1,Application_1676196092
1,Application_2025784058
1,Application_113691220
1,Application_2144151820
1,Application_172496574
1,Application_707700019
1,Application_374444957
1,Application_282848465
1,Application_1475803733
1,Application_1948926595
1,Application_632945487
1,Application_1330706835
1,Application_1583772656
1,Application_515109573
1,Application_712286089
1,Application_51568568
1,Application_1599504425
1,Application_1565083758
1,Application_1361630071
1,Application_467350209
1,Application_607309528
1,Application_657638630
1,Application_33767622
1,Application_1144565049
1,Application_1834078473
1,Application_450545784
1,Application_14911263
1,Application_787544233
1,Application_1358114237
1,Application_1025611489
1,Application_942759910
1,Application_780963701
1,Application_1043518306
1,Application_1852893888
1,Application_1158377896
1,Application_82339726
1,Application_1704284942
1,Application_509635385
1,Application_1971112661
1,Application_426600703
1,Application_582885008
1,Application_517547402
1,Application_280821610
1,Application_720557254
1,Application_61248843
1,Application_1033756531
1,Application_1981687019
1,Application_1264876890
1,Application_717090327
1,Application_317157432
1,Application_1064732825
1,Application_1925359371
1,Application_1290264566
1,Application_19755741
1,Application_2008202503
1,Application_529725527
1,Application_1647351112
1,Application_1729933761
1,Application_577847480
1,Application_574877299
1,Application_555108256
1,Application_2062755257
1,Application_1841328925
1,Application_923956756
1,Application_142568747
1,Application_462747915
1,Application_1995770504
1,Application_655917592
1,Application_855533470
1,Application_1983176860
1,Application_295611064
1,Application_1423179503
1,Application_395428463
1,Application_1267773007
1,Application_1950411514
1,Application_2085129585
1,Application_1550035458
1,Application_905247137
1,Application_1907209625
1,Application_931073033
1,Application_543876854
1,Application_1750378228
1,Application_1952941154
1,Application_913956080
1,Application_40148503
1,Application_660516532
1,Application_600117178
1,Application_1053676106
1,Application_1399619108
1,Application_1692759426
1,Application_2092883533
1,Application_807076353
1,Application_1329377063
1,Application_569025669
1,Application_2014289827
1,Application_871251765
1,Application_1579770910
1,Application_566858875
1,Application_2142045957
1,Application_986254709
1,Application_2139135868
1,Application_1782852189
1,Application_282154033
1,Application_2084464663
1,Application_1208437635
1,Application_1080753572
1,Application_43905728
1,Application_1142548986
1,Application_675572085
1,Application_1262492653
1,Application_400847861
1,Application_1484220304
1,Application_1264622220
1,Application_319949183
1,Application_352722960
1,Application_594885183
1,Application_2093424318
1,Application_1118744495
1,Application_921922902
1,Application_860809246
1,Application_1080374261
1,Application_1003092772
1,Application_575944975
1,Application_683690191
1,Application_831994177
1,Application_1133580191
1,Application_1767661221
1,Application_1811700269
1,Application_1765480767
1,Application_1217006497
1,Application_810904836
1,Application_1045724843
1,Application_2090210070
1,Application_1387140959
1,Application_1252484296
1,Application_937274209
1,Application_993569427
1,Application_1477021386
1,Application_666283240
1,Application_1860145301
1,Application_1619878986
1,Application_1484267658
1,Application_1952296635
1,Application_1765887225
1,Application_895790317
1,Application_876437950
1,Application_696736706
1,Application_589703042
1,Application_672902609
1,Application_1773863233
1,Application_686915060
1,Application_256908432
1,Application_776179536
1,Application_1404814926
1,Application_1427319345
1,Application_1603393617
1,Application_1192855228
1,Application_1047814763
1,Application_1494364111
1,Application_28307391
1,Application_730582873
1,Application_1112876368
1,Application_766131246
1,Application_1169356777
1,Application_1742374046
1,Application_1571551830
1,Application_1859453433
1,Application_1566862513
1,Application_1529354680
1,Application_829451259
1,Application_1400303605
1,Application_1195207998
1,Application_1882136686
1,Application_1810778714
1,Application_2058695641
1,Application_2039847239
1,Application_212032796
1,Application_1331522559
1,Application_1584544254
1,Application_1473734565
1,Application_1612006861
1,Application_495907078
1,Application_816862790
1,Application_1691460128
1,Application_1003257895
1,Application_1970486730
1,Application_628997496
1,Application_1238299456
1,Application_1977495845
1,Application_439934042
1,Application_824825632
1,Application_1121766693
1,Application_1681270445
1,Application_374379677
1,Application_1639903603
1,Application_1071410123
1,Application_1651853591
1,Application_531666181
1,Application_2113049304
1,Application_353274103
1,Application_1141711101
1,Application_33542556
1,Application_1912692425
1,Application_204227003
1,Application_1628595961
1,Application_104403072
1,Application_80063242
1,Application_1355945644
1,Application_1847378722
1,Application_1547943476
1,Application_1984247659
1,Application_885005865
1,Application_1167637278
1,Application_274202829
1,Application_1150025480
1,Application_1963086313
1,Application_202428545
1,Application_699037232
1,Application_757178253
1,Application_899806345
1,Application_549932310
1,Application_897614192
1,Application_540215973
1,Application_926752287
1,Application_1968005554
1,Application_1067751978
1,Application_1974089627
1,Application_122547923
1,Application_1499037624
1,Application_272558729
1,Application_438021662
1,Application_258972625
1,Application_670941831
1,Application_826015211
1,Application_1025327332
1,Application_1412007004
1,Application_751576
1,Application_1081695790
1,Application_1741076995
1,Application_1994370200
1,Application_636936558
1,Application_1055375814
1,Application_776906675
1,Application_647762796
1,Application_1052740254
1,Application_1695436993
1,Application_1396027237
1,Application_456522373
1,Application_361505490
1,Application_1854749956
1,Application_289454407
1,Application_1658839362
1,Application_346042050
1,Application_1857096322
1,Application_1206551699
1,Application_890509022
1,Application_955563438
1,Application_1241673992
1,Application_1121005474
1,Application_886797748
1,Application_1552373930
1,Application_1855557331
1,Application_1539966278
1,Application_894816076
1,Application_850637249
1,Application_1253984780
1,Application_308765657
1,Application_2045109794
1,Application_1155070210
1,Application_374740928
1,Application_1638998264
1,Application_417151818
1,Application_1646110705
1,Application_1691337772
1,Application_1271823802
1,Application_1479347363
1,Application_463778356
1,Application_923503733
1,Application_1003213123
1,Application_392228628
1,Application_571618271
1,Application_1442743235
1,Application_1440390566
1,Application_2114750715
1,Application_1567894569
1,Application_144720801
1,Application_648078846
1,Application_1362140168
1,Application_643176291
1,Application_1856346499
1,Application_792142768
1,Application_1659263465
1,Application_955861170
1,Application_1149655953
1,Application_247978091
1,Application_1967206176
1,Application_1205144249
1,Application_1236031025
1,Application_1312170166
1,Application_855346075
1,Application_802416567
1,Application_1362680838
1,Application_403880003
1,Application_1962627507
1,Application_1512331067
1,Application_1383530613
1,Application_164664961
1,Application_689354983
1,Application_1936347488
1,Application_1913503737
1,Application_182922092
1,Application_968680506
1,Application_1303627430
1,Application_248502899
1,Application_37517379
1,Application_257501952
1,Application_1556045942
1,Application_1774860195
1,Application_859266888
1,Application_1420790923
1,Application_1929631403
1,Application_364658802
1,Application_877547450
1,Application_289242623
1,Application_1046834404
1,Application_1932624040
1,Application_817012302
1,Application_1515235165
1,Application_974868974
1,Application_1726483569
1,Application_572693072
1,Application_68806956
1,Application_1972943445
1,Application_1607788566
1,Application_1981765819
1,Application_741075840
1,Application_891274487
1,Application_1207230380
1,Application_488496337
1,Application_1562591754
1,Application_485161642
1,Application_834130768
1,Application_521868863
1,Application_1626377486
1,Application_662150009
1,Application_1707528347
1,Application_572065432
1,Application_1982733114
1,Application_243699734
1,Application_1011122543
1,Application_76120364
1,Application_1158871047
1,Application_5709416
1,Application_931532750
1,Application_747766514
1,Application_1414262200
1,Application_1447169405
1,Application_1127956985
1,Application_1877676656
1,Application_270049565
1,Application_619601205
1,Application_510980371
1,Application_970274306
1,Application_1119407054
1,Application_1711856510
1,Application_710744550
1,Application_1237040955
1,Application_371014669
1,Application_357088901
1,Application_477329320
1,Application_658560478
1,Application_850377333
1,Application_775825240
1,Application_500943156
1,Application_2072289125
1,Application_672913902
1,Application_63629581
1,Application_1364243564
1,Application_2114478093
1,Application_1359216041
1,Application_659943365
1,Application_1209676119
1,Application_1113168636
1,Application_1111458873
1,Application_901461756
1,Application_787712141
1,Application_514138804
1,Application_864662158
1,Application_1219181058
1,Application_1218931958
1,Application_74080697
1,Application_1507175319
1,Application_1546185620
1,Application_62138795
1,Application_969699413
1,Application_116128683
1,Application_569478541
1,Application_1402152809
1,Application_2101854749
1,Application_1214377208
1,Application_2074357653
1,Application_571989765
1,Application_1832359699
1,Application_1196269002
1,Application_1112590740
1,Application_1924874657
1,Application_1886874833
1,Application_1476439335
1,Application_549784946
1,Application_1259512676
1,Application_2030605346
1,Application_1123488128
1,Application_1329813348
1,Application_1312126160
1,Application_537160858
1,Application_672030546
1,Application_80709811
1,Application_1000806256
1,Application_1702772063
1,Application_1323210480
1,Application_1116530723
1,Application_481024503
1,Application_1016339725
1,Application_182600029
1,Application_278234732
1,Application_93983838
1,Application_172749595
1,Application_1109152833
1,Application_690014758
1,Application_1612622692
1,Application_1180232047
1,Application_705004048
1,Application_1839533971
1,Application_70463787
1,Application_1006058240
1,Application_1193970472
1,Application_1481508354
1,Application_1331967235
1,Application_547268346
1,Application_1833437649
1,Application_571865892
1,Application_1887225903
1,Application_740999060
1,Application_206518775
1,Application_417003502
1,Application_836609181
1,Application_188078604
1,Application_1922336058
1,Application_1465403463
1,Application_1307008167
1,Application_738653118
1,Application_1857636845
1,Application_23547632
1,Application_473484613
1,Application_854595471
1,Application_1363909203
1,Application_731487477
1,Application_44362372
1,Application_645105188
1,Application_2112209240
1,Application_1038559722
1,Application_998576013
1,Application_1877420980
1,Application_2100723398
1,Application_1021748617
1,Application_2100914196
1,Application_2099887028
1,Application_1503772503
1,Application_94670320
1,Application_959743614
1,Application_52994701
1,Application_1030292282
1,Application_2014598371
1,Application_1551445155
1,Application_1457780790
1,Application_1909483907
1,Application_1969034315
1,Application_415781818
1,Application_1908753603
1,Application_1585186665
1,Application_3818082
1,Application_1542115098
1,Application_951640089
1,Application_1429560725
1,Application_1140496903
1,Application_1784944853
1,Application_70614303
1,Application_1942568982
1,Application_953075714
1,Application_662659972
1,Application_926378406
1,Application_1159183169
1,Application_1207781516
1,Application_158116531
1,Application_1231776894
1,Application_998502130
1,Application_1909395512
1,Application_523421470
1,Application_1553842114
1,Application_674731256
1,Application_1114052248
1,Application_124569708
1,Application_1627135926
1,Application_942332308
1,Application_1392404643
1,Application_66072191
1,Application_452860410
1,Application_2019764321
1,Application_373617428
1,Application_135504542
1,Application_977223897
1,Application_1160294540
1,Application_284027138
1,Application_396471385
1,Application_1388833616
1,Application_647263153
1,Application_756906518
1,Application_557613431
1,Application_556252191
1,Application_177079986
1,Application_2001975078
1,Application_437054932
1,Application_172857478
1,Application_2030819568
1,Application_1983550728
1,Application_255424349
1,Application_1876167901
1,Application_195754915
1,Application_2026682298
1,Application_524989072
1,Application_1955752574
1,Application_1625886684
1,Application_584990271
1,Application_1274899044
1,Application_1301772276
1,Application_1149359650
1,Application_1032369855
1,Application_1710790959
1,Application_333855099
1,Application_617577405
1,Application_1908714490
1,Application_394412011
1,Application_1692201415
1,Application_1999451906
1,Application_73903421
1,Application_584503835
1,Application_942374112
1,Application_758513444
1,Application_1686100974
1,Application_301282030
1,Application_1015777884
1,Application_1266302721
1,Application_479936724
1,Application_631344453
1,Application_271562196
1,Application_1502439614
1,Application_1637154472
1,Application_1336873117
1,Application_29597002
1,Application_1487459545
1,Application_577093104
1,Application_1708298483
1,Application_1800318205
1,Application_110502786
1,Application_1061140974
1,Application_131475958
1,Application_305964583
1,Application_800643944
1,Application_890975854
1,Application_756641253
1,Application_670260631
1,Application_184807860
1,Application_1458580558
1,Application_1295337736
1,Application_253435738
1,Application_1966896227
1,Application_642840882
1,Application_2095601418
1,Application_1696321554
1,Application_1550595412
1,Application_502730145
1,Application_904285318
1,Application_1917153092
1,Application_248034274
1,Application_1535002150
1,Application_262095524
1,Application_1958515425
1,Application_56467091
1,Application_1050390195
1,Application_1399985158
1,Application_1073406344
1,Application_465236638
1,Application_1438165442
1,Application_239685459
1,Application_1068246239
1,Application_924761214
1,Application_1964604595
1,Application_1778651769
1,Application_183143916
1,Application_1086114195
1,Application_727070879
1,Application_2051423817
1,Application_1370470331
1,Application_353038568
1,Application_316799912
1,Application_1488949636
1,Application_937066761
1,Application_1042504407
1,Application_177083889
1,Application_1458887736
1,Application_1676176557
1,Application_1038427773
1,Application_2023987812
1,Application_106321275
1,Application_1559722286
1,Application_530969239
1,Application_722578462
1,Application_1348375681
1,Application_1338104164
1,Application_180597245
1,Application_657582683
1,Application_1800209786
1,Application_1155698672
1,Application_1138732156
1,Application_898364172
1,Application_598014193
1,Application_804603685
1,Application_1088902101
1,Application_1663146425
1,Application_276693673
1,Application_196690776
1,Application_637443396
1,Application_1527448202
1,Application_620897639
1,Application_579527305
1,Application_1554006137
1,Application_1425666384
1,Application_608923622
1,Application_1181926320
1,Application_1317003571
1,Application_264040577
1,Application_1273942061
1,Application_351957884
1,Application_1347511481
1,Application_1086599276
1,Application_1630959767
1,Application_1993132324
1,Application_634818571
1,Application_879916222
1,Application_1668333019
1,Application_449992046
1,Application_1806987140
1,Application_565138093
1,Application_509036001
1,Application_488966118
1,Application_157322660
1,Application_823174081
1,Application_2078353273
1,Application_1494834839
1,Application_1347438787
1,Application_521733206
1,Application_210847484
1,Application_1233455977
1,Application_1584306755
1,Application_1412323927
1,Application_729697673
1,Application_2026255140
1,Application_2134299171
1,Application_105880505
1,Application_1564389694
1,Application_134745858
1,Application_1457797265
1,Application_1666073640
1,Application_343096883
1,Application_975248544
1,Application_592572289
1,Application_735419817
1,Application_949465314
1,Application_953393465
1,Application_1237813582
1,Application_2038216942
1,Application_1411448055
1,Application_959162366
1,Application_1177121671
1,Application_1391573006
1,Application_2010606095
1,Application_1047460576
1,Application_170263999
1,Application_1545521329
1,Application_2108613059
1,Application_282011643
1,Application_1018658664
1,Application_1634352428
1,Application_1839260391
1,Application_1722999276
1,Application_1135785992
1,Application_1900025903
1,Application_2073849026
1,Application_1512812900
1,Application_213750846
1,Application_1925086048
1,Application_1769373289
1,Application_1623974394
1,Application_1248564607
1,Application_1757235578
1,Application_1951823974
1,Application_1473777322
1,Application_2000446983
1,Application_322727488
1,Application_1823899362
1,Application_1669653980
1,Application_1953341305
1,Application_1231579880
1,Application_1809165374
1,Application_548617266
1,Application_1541568491
1,Application_228895936
1,Application_1064804107
1,Application_1250405904
1,Application_623125490
1,Application_631355726
1,Application_777125023
1,Application_743052720
1,Application_1123248266
1,Application_1869001550
1,Application_818383830
1,Application_2110770473
1,Application_1081819343
1,Application_1882054030
1,Application_1041645953
1,Application_1263808654
1,Application_1429560463
1,Application_944574465
1,Application_1193161185
1,Application_255847143
1,Application_366571467
1,Application_473455481
1,Application_856411257
1,Application_1884905979
1,Application_438269807
1,Application_656598972
1,Application_1744421968
1,Application_1176077410
1,Application_1036829662
1,Application_1727469314
1,Application_1453558869
1,Application_1504457237
1,Application_1617021214
1,Application_1575426961
1,Application_1681957960
1,Application_219664643
1,Application_578355590
1,Application_1661566710
1,Application_1290822221
1,Application_937706484
1,Application_1449837143
1,Application_1811996139
1,Application_250077480
1,Application_238988223
1,Application_282538124
1,Application_1379497552
1,Application_81521642
1,Application_1164410455
1,Application_1455413463
1,Application_965885907
1,Application_414438383
1,Application_248337955
1,Application_15330255
1,Application_981296873
1,Application_473820095
1,Application_158521766
1,Application_2071585565
1,Application_1697318009
1,Application_783245694
1,Application_701514059
1,Application_1062967516
1,Application_226158643
1,Application_137644224
1,Application_721340692
1,Application_743333113
1,Application_1380496421
1,Application_689552512
1,Application_1619537149
1,Application_1072286764
1,Application_262306667
1,Application_1166791291
1,Application_672607464
1,Application_38900146
1,Application_905319675
1,Application_1150058149
1,Application_458796160
1,Application_1380421237
1,Application_536783052
1,Application_39747567
1,Application_1826967244
1,Application_541689990
1,Application_200802550
1,Application_451692880
1,Application_1599946706
1,Application_93995216
1,Application_491870428
1,Application_56885089
1,Application_660451724
1,Application_1295447773
1,Application_418702437
1,Application_1242545671
1,Application_613766151
1,Application_205141048
1,Application_1227849499
1,Application_340534713
1,Application_1900119920
1,Application_842281859
1,Application_1335280018
1,Application_2111433968
1,Application_302885057
1,Application_1185756378
1,Application_1098955308
1,Application_1512184833
1,Application_2103211755
1,Application_2068014529
1,Application_675216858
1,Application_722753168
1,Application_1968905973
1,Application_643423512
1,Application_235629887
1,Application_362903716
1,Application_114395909
1,Application_1241622935
1,Application_469084980
1,Application_1440133651
1,Application_2096883387
1,Application_50620498
1,Application_1006164631
1,Application_439272088
1,Application_793220640
1,Application_1802608036
1,Application_369785843
1,Application_1938102374
1,Application_1655449806
1,Application_926870086
1,Application_1666960622
1,Application_1091798622
1,Application_1212636679
1,Application_564537369
1,Application_953999753
1,Application_2020736720
1,Application_1841581377
1,Application_1669332371
1,Application_1112501306
1,Application_1598276616
1,Application_1029247764
1,Application_804201870
1,Application_1111709486
1,Application_923395500
1,Application_1033039379
1,Application_2002877311
1,Application_885540392
1,Application_1075100328
1,Application_572567761
1,Application_1529510108
1,Application_1719043764
1,Application_1559902945
1,Application_2054855494
1,Application_1198497217
1,Application_1256855179
1,Application_1326001377
1,Application_1066042180
1,Application_1201885222
1,Application_1339031841
1,Application_872366334
1,Application_59014720
1,Application_2009469048
1,Application_1301725928
1,Application_2127589264
1,Application_388511721
1,Application_339910304
1,Application_1729763634
1,Application_1201848562
1,Application_2092189296
1,Application_1916484089
1,Application_944269054
1,Application_1852483606
1,Application_922441325
1,Application_1761859471
1,Application_79660320
1,Application_1939724983
1,Application_833459537
1,Application_578809699
1,Application_527611646
1,Application_462454430
1,Application_777047773
1,Application_978087299
1,Application_1389225892
1,Application_1177360098
1,Application_45194543
1,Application_1419380655
1,Application_145983241
1,Application_2125402892
1,Application_277874896
1,Application_150888226
1,Application_575489556
1,Application_36497911
1,Application_925295407
1,Application_79331148
1,Application_2067546046
1,Application_835009684
1,Application_76138842
1,Application_494354590
1,Application_870644031
1,Application_1021612767
1,Application_1008926043
1,Application_1634060107
1,Application_226411455
1,Application_852019949
1,Application_732940002
1,Application_327168266
1,Application_975830076
1,Application_543580226
1,Application_593978944
1,Application_814620974
1,Application_21224548
1,Application_588010971
1,Application_1622777346
1,Application_507155820
1,Application_1981051213
1,Application_61094189
1,Application_604477014
1,Application_1822335659
1,Application_1376997987
1,Application_374295626
1,Application_1102655533
1,Application_1836071906
1,Application_1443427035
1,Application_456764763
1,Application_19373519
1,Application_1331923786
1,Application_1693853072
1,Application_1255605399
1,Application_1470167814
1,Application_1960349615
1,Application_465910768
1,Application_1466879927
1,Application_595376428
1,Application_1674108037
1,Application_1313695020
1,Application_1772463113
1,Application_1957976550
1,Application_1111459260
1,Application_793788513
1,Application_254498965
1,Application_961057644
1,Application_1658625919
1,Application_2114018284
1,Application_469638847
1,Application_822218757
1,Application_480648101
1,Application_1492339205
1,Application_2112068483
1,Application_231977792
1,Application_1033312536
1,Application_989930781
1,Application_2005338663
1,Application_158781349
1,Application_853127708
1,Application_418082819
1,Application_526701330
1,Application_753441891
1,Application_927702043
1,Application_1292983087
1,Application_871511729
1,Application_926829720
1,Application_735953270
1,Application_1958962710
1,Application_1076995025
1,Application_1582160031
1,Application_887723939
1,Application_1371882232
1,Application_1975575428
1,Application_1764170744
1,Application_245599142
1,Application_747784121
1,Application_414191190
1,Application_1087211941
1,Application_898394226
1,Application_724935267
1,Application_1688529047
1,Application_1947449712
1,Application_1437013202
1,Application_1966254763
1,Application_1086606722
1,Application_1441668659
1,Application_1084364321
1,Application_1153080286
1,Application_643216783
1,Application_1551954124
1,Application_1051268159
1,Application_1725343989
1,Application_1544975283
1,Application_880170648
1,Application_582576974
1,Application_305611931
1,Application_2074051157
1,Application_1428030101
1,Application_1424007259
1,Application_722435010
1,Application_2009787869
1,Application_2039272155
1,Application_177466388
1,Application_1670508693
1,Application_926759261
1,Application_1627266445
1,Application_312602744
1,Application_1438497757
1,Application_1488569792
1,Application_1102152147
1,Application_362911825
1,Application_1922414959
1,Application_1338365283
1,Application_1847236945
1,Application_590572736
1,Application_734033930
1,Application_1435120007
1,Application_1425329540
1,Application_341235639
1,Application_1345825411
1,Application_1730750122
1,Application_1642894481
1,Application_817532877
1,Application_997927211
1,Application_454557784
1,Application_1323807979
1,Application_454171733
1,Application_1567394387
1,Application_1387936941
1,Application_1298495237
1,Application_42141968
1,Application_919886189
1,Application_522081554
1,Application_145460789
1,Application_428405772
1,Application_1194942496
1,Application_1040145001
1,Application_1160504691
1,Application_560710750
1,Application_552546639
1,Application_2140598609
1,Application_1075071428
1,Application_221918270
1,Application_520461844
1,Application_1381946169
1,Application_948688787
1,Application_478491113
1,Application_812186683
1,Application_428827586
1,Application_893638776
1,Application_141976668
1,Application_1613565558
1,Application_109009782
1,Application_458283344
1,Application_871919055
1,Application_1069578306
1,Application_552384140
1,Application_287210829
1,Application_936066506
1,Application_602472844
1,Application_647705656
1,Application_1374646252
1,Application_1385712665
1,Application_1205007143
1,Application_592767974
1,Application_399634253
1,Application_1113974453
1,Application_1121456773
1,Application_1074360756
1,Application_454712423
1,Application_1525849944
1,Application_1829297282
1,Application_994658271
1,Application_1050440539
1,Application_211976892
1,Application_246992730
1,Application_1449380867
1,Application_508330970
1,Application_1835154157
1,Application_2105077158
1,Application_737577489
1,Application_1824105960
1,Application_1883110745
1,Application_1200520255
1,Application_756221319
1,Application_1698520663
1,Application_42593435
1,Application_895310472
1,Application_1472911131
1,Application_1100828328
1,Application_1812490292
1,Application_2070251704
1,Application_165847957
1,Application_1721241599
1,Application_1834413022
1,Application_502856537
1,Application_1930514771
1,Application_1107550876
1,Application_1636497905
1,Application_868487000
1,Application_1893798342
1,Application_1058243931
1,Application_552064290
1,Application_1842610353
1,Application_1048729110
1,Application_1698365784
1,Application_1502413252
1,Application_667987943
1,Application_28400715
1,Application_682429766
1,Application_1051009052
1,Application_459477804
1,Application_197013867
1,Application_1414469472
1,Application_1788544153
1,Application_745306298
1,Application_119965779
1,Application_537804429
1,Application_1104589935
1,Application_195659775
1,Application_1076597906
1,Application_798278447
1,Application_1467348009
1,Application_1783804141
1,Application_404505015
1,Application_1051928014
1,Application_424390264
1,Application_243783154
1,Application_834087694
1,Application_1873172053
1,Application_794561004
1,Application_345022329
1,Application_54298626
1,Application_866528862
1,Application_1609953137
1,Application_1268155620
1,Application_1167663086
1,Application_381535196
1,Application_1444397115
1,Application_333630267
1,Application_1079314583
1,Application_444439696
1,Application_2073557198
1,Application_1526018389
1,Application_1202012314
1,Application_744544314
1,Application_1748322188
1,Application_1932257816
1,Application_607734977
1,Application_448030736
1,Application_1747105194
1,Application_1101206136
1,Application_541758555
1,Application_1237030546
1,Application_787636378
1,Application_1259972880
1,Application_114556539
1,Application_684484812
1,Application_378914720
1,Application_728468718
1,Application_115147114
1,Application_1946494915
1,Application_1368555089
1,Application_1220762865
1,Application_752772249
1,Application_1164741236
1,Application_1334427669
1,Application_1595126280
1,Application_1364969454
1,Application_479128916
1,Application_681209641
1,Application_1463972237
1,Application_1637453084
1,Application_430928640
1,Application_289271522
1,Application_394778745
1,Application_1722688700
1,Application_1398191679
1,Application_2125738701
1,Application_549928978
1,Application_1365322822
1,Application_724249522
1,Application_2036273868
1,Application_442799052
1,Application_668942386
1,Application_536519866
1,Application_251017299
1,Application_1198981104
1,Application_596460742
1,Application_1761565261
1,Application_67524882
1,Application_376847764
1,Application_2126672400
1,Application_2101114607
1,Application_1214212874
1,Application_701210560
1,Application_2132530543
1,Application_704173434
1,Application_1943497450
1,Application_789885577
1,Application_222815188
1,Application_779868535
1,Application_846444951
1,Application_376101267
1,Application_1932955716
1,Application_1465279640
1,Application_164710414
1,Application_1462753483
1,Application_1103943576
1,Application_952230284
1,Application_169388172
1,Application_2123005105
1,Application_1401670101
1,Application_588974536
1,Application_54912177
1,Application_857963863
1,Application_1450602472
1,Application_1545822476
1,Application_330063928
1,Application_1182809003
1,Application_1768376088
1,Application_108955082
1,Application_313929011
1,Application_1593164638
1,Application_717602014
1,Application_46821340
1,Application_68069959
1,Application_365271199
1,Application_511847282
1,Application_540335769
1,Application_1232675650
1,Application_2053742759
1,Application_1882408870
1,Application_1306084558
1,Application_6748555
1,Application_108869739
1,Application_1180553525
1,Application_1124781985
1,Application_363059077
1,Application_462427556
1,Application_1040604584
1,Application_542785925
1,Application_159425596
1,Application_866301279
1,Application_2071829046
1,Application_774280556
1,Application_1583568442
1,Application_1224579942
1,Application_131798866
1,Application_1768638676
1,Application_1023419627
1,Application_16950765
1,Application_342809290
1,Application_692846616
1,Application_374069302
1,Application_1036210171
1,Application_2097125550
1,Application_2087853077
1,Application_1617405751
1,Application_1327649595
1,Application_1884121918
1,Application_254575976
1,Application_981057308
1,Application_833691300
1,Application_1410079605
1,Application_564399840
1,Application_545291805
1,Application_477558940
1,Application_843919031
1,Application_1657041834
1,Application_1694212632
1,Application_417790922
1,Application_492864314
1,Application_1724183309
1,Application_1853703463
1,Application_389694047
1,Application_1938341210
1,Application_817818948
1,Application_818988550
1,Application_1968149397
1,Application_2038208736
1,Application_963179178
1,Application_1331590835
1,Application_1516465659
1,Application_824725999
1,Application_1058232166
1,Application_1631905533
1,Application_1926308840
1,Application_1355018748
1,Application_1972537897
1,Application_1750224714
1,Application_893461700
1,Application_1621523623
1,Application_1779259859
1,Application_1975004259
1,Application_439542460
1,Application_192544350
1,Application_1921897384
1,Application_2089668148
1,Application_523710429
1,Application_2011122405
1,Application_1126595022
1,Application_1009728487
1,Application_2073750191
1,Application_839794147
1,Application_2104061117
1,Application_1169787039
1,Application_108990047
1,Application_1467116720
1,Application_753924463
1,Application_1825797170
1,Application_1024024843
1,Application_1737465443
1,Application_800321960
1,Application_349559655
1,Application_1232536865
1,Application_1731757967
1,Application_951038533
1,Application_1208611198
1,Application_1451482053
1,Application_1263727247
1,Application_665435950
1,Application_2021470473
1,Application_1084427553
1,Application_1729461509
1,Application_1904140209
1,Application_1727619066
1,Application_1369082220
1,Application_583351230
1,Application_597788673
1,Application_1108348898
1,Application_1730190343
1,Application_1039362794
1,Application_1243007973
1,Application_495796607
1,Application_894324950
1,Application_1903023122
1,Application_1964585643
1,Application_276356968
1,Application_749231890
1,Application_5850515
1,Application_1066126238
1,Application_340390465
1,Application_749173937
1,Application_2127679401
1,Application_1108138981
1,Application_1262448227
1,Application_2126285413
1,Application_1272466781
1,Application_1277462178
1,Application_47882237
1,Application_338801507
1,Application_379265653
1,Application_2099367250
1,Application_2109299500
1,Application_1667550025
1,Application_586839753
1,Application_1369363942
1,Application_971536653
1,Application_1054841023
1,Application_1421260446
1,Application_1676255292
1,Application_1537435818
1,Application_1200057798
1,Application_1579079181
1,Application_2142863124
1,Application_1320433447
1,Application_1223246120
1,Application_995855801
1,Application_103779859
1,Application_1042283919
1,Application_796183815
1,Application_1366807547
1,Application_2104095290
1,Application_382616482
1,Application_265293321
1,Application_1186682952
1,Application_49725499
1,Application_913188566
1,Application_1058149338
1,Application_2135089873
1,Application_98684084
1,Application_569238520
1,Application_176979331
1,Application_1235053807
1,Application_1348648361
1,Application_2077112716
1,Application_139258943
1,Application_1084464148
1,Application_1212760797
1,Application_1659557378
1,Application_286552024
1,Application_576154741
1,Application_46379480
1,Application_709410136
1,Application_1672160937
1,Application_841781311
1,Application_340321174
1,Application_1736195967
1,Application_2097081505
1,Application_406935386
1,Application_1988979828
1,Application_1789934601
1,Application_1852627843
1,Application_328433912
1,Application_1184861719
1,Application_1904219955
1,Application_28948130
1,Application_1908585951
1,Application_923026954
1,Application_1284583733
1,Application_598415903
1,Application_1243918536
1,Application_877399955
1,Application_827957979
1,Application_1382264629
1,Application_678634348
1,Application_2047642467
1,Application_1827521969
1,Application_1502963665
1,Application_1293944388
1,Application_67728732
1,Application_254429277
1,Application_2031914980
1,Application_1102377893
1,Application_257850762
1,Application_1124268414
1,Application_1669188319
1,Application_319585293
1,Application_953032489
1,Application_1004317586
1,Application_1272659557
1,Application_1024776595
1,Application_1236800353
1,Application_80008918
1,Application_1118285538
1,Application_33783000
1,Application_1792947271
1,Application_23650198
1,Application_207239610
1,Application_1284590362
1,Application_1815535233
1,Application_1000334415
1,Application_1652695429
1,Application_2065212129
1,Application_1396303697
1,Application_1916375185
1,Application_1487527238
1,Application_1019687793
1,Application_796344198
1,Application_1800727100
1,Application_1991304445
1,Application_68384482
1,Application_858444688
1,Application_86184488
1,Application_572215303
1,Application_1635851785
1,Application_183825585
1,Application_1804461781
1,Application_2019753121
1,Application_543554091
1,Application_1058918555
1,Application_60899254
1,Application_1359780350
1,Application_1483136797
1,Application_1863577085
1,Application_1918768658
1,Application_1106146918
1,Application_1020410553
1,Application_1402086483
1,Application_1135612114
1,Application_1605931329
1,Application_905303516
1,Application_908162786
1,Application_634640665
1,Application_1943145469
1,Application_80028517
1,Application_1993385704
1,Application_1060240430
1,Application_2141432503
1,Application_400033749
1,Application_1626355218
1,Application_1613835444
1,Application_1979038815
1,Application_1608206447
1,Application_318986510
1,Application_1113638665
1,Application_2024261695
1,Application_1551651697
1,Application_1014798002
1,Application_1327638315
1,Application_339059703
1,Application_1480415258
1,Application_1620695939
1,Application_730212839
1,Application_877940586
1,Application_1222104230
1,Application_860025418
1,Application_941150522
1,Application_1223117710
1,Application_1659335205
1,Application_199815507
1,Application_1973796032
1,Application_988511725
1,Application_2139370843
1,Application_1772274434
1,Application_5291332
1,Application_218707596
1,Application_936073934
1,Application_1804714332
1,Application_1696302685
1,Application_940497849
1,Application_461817620
1,Application_1779614169
1,Application_1506044705
1,Application_2108527232
1,Application_1151897755
1,Application_1012691702
1,Application_942304082
1,Application_1096227309
1,Application_1388526517
1,Application_1392194089
1,Application_1579510520
1,Application_441958769
1,Application_2089954598
1,Application_1148233536
1,Application_987876406
1,Application_1691187689
1,Application_1510106241
1,Application_1710821235
1,Application_1142285447
1,Application_1654636815
1,Application_539520165
1,Application_1245828926
1,Application_449589279
1,Application_511027380
1,Application_1961979075
1,Application_514052232
1,Application_1008803681
1,Application_911736403
1,Application_1447256897
1,Application_1963884155
1,Application_86317716
1,Application_1035434106
1,Application_1259690237
1,Application_33745946
1,Application_1847033425
1,Application_31043467
1,Application_1405856906
1,Application_554013936
1,Application_663134091
1,Application_984170071
1,Application_2106162333
1,Application_1096662178
1,Application_327753891
1,Application_2115402969
1,Application_907576698
1,Application_1229673502
1,Application_782205831
1,Application_286531657
1,Application_1730778542
1,Application_13566959
1,Application_1702391411
1,Application_1869871087
1,Application_2141730530
1,Application_460231462
1,Application_653416174
1,Application_1021582856
1,Application_1269315641
1,Application_241032573
1,Application_164609752
1,Application_1092805390
1,Application_1274923024
1,Application_1300987441
1,Application_184883322
1,Application_131607996
1,Application_186264451
1,Application_1277773105
1,Application_2107701581
1,Application_1055618357
1,Application_1571882566
1,Application_653391914
1,Application_1634183264
1,Application_1991732843
1,Application_397690469
1,Application_1243522820
1,Application_852419476
1,Application_938318297
1,Application_237577413
1,Application_2145853328
1,Application_1748551648
1,Application_1220541878
1,Application_1932968376
1,Application_146904914
1,Application_927374141
1,Application_1652192703
1,Application_570165308
1,Application_352415567
1,Application_1223404910
1,Application_364421559
1,Application_249685016
1,Application_344293557
1,Application_1310964975
1,Application_927699599
1,Application_195857924
1,Application_1264806747
1,Application_599426245
1,Application_634772779
1,Application_535041048
1,Application_961756784
1,Application_310339805
1,Application_1894051107
1,Application_1245298665
1,Application_2076511986
1,Application_1236064158
1,Application_363517005
1,Application_1879115572
1,Application_296496852
1,Application_104045138
1,Application_144959075
1,Application_1183771225
1,Application_652956366
1,Application_1665438389
1,Application_464957199
1,Application_76227329
1,Application_2136101614
1,Application_2134267865
1,Application_783880582
1,Application_1467101602
1,Application_1522749626
1,Application_2024680741
1,Application_1030645475
1,Application_634953014
1,Application_1952006400
1,Application_596749181
1,Application_834541803
1,Application_155736295
1,Application_1436502383
1,Application_121770332
1,Application_557390310
1,Application_112225006
1,Application_2003767759
1,Application_1758628504
1,Application_967486882
1,Application_1186011075
1,Application_33198689
1,Application_971906635
1,Application_1381887838
1,Application_317339492
1,Application_923583802
1,Application_863065095
1,Application_492021644
1,Application_1706313428
1,Application_2105333511
1,Application_1915911926
1,Application_706201656
1,Application_1753972754
1,Application_1548060693
1,Application_563521504
1,Application_895713530
1,Application_2058903028
1,Application_740320002
1,Application_533206267
1,Application_1007846031
1,Application_1965180973
1,Application_1860164462
1,Application_460362418
1,Application_136665186
1,Application_1178554291
1,Application_812842800
1,Application_1297722987
1,Application_1609910072
1,Application_279402468
1,Application_579664461
1,Application_1138441532
1,Application_1141800606
1,Application_1567410642
1,Application_152108853
1,Application_852820937
1,Application_1410406047
1,Application_1655641907
1,Application_255326627
1,Application_1796529138
1,Application_1180717049
1,Application_1826872953
1,Application_1308071555
1,Application_783154443
1,Application_2081468177
1,Application_1845996368
1,Application_254346617
1,Application_19624742
1,Application_753230285
1,Application_61237928
1,Application_164319398
1,Application_620994991
1,Application_616544005
1,Application_1317536471
1,Application_1518048032
1,Application_1944799016
1,Application_1400826575
1,Application_1043782904
1,Application_1449487653
1,Application_1540923403
1,Application_441853106
1,Application_1735741695
1,Application_1325830550
1,Application_1372277105
1,Application_86380851
1,Application_1712939718
1,Application_465190175
1,Application_1562170126
1,Application_1111029132
1,Application_2047971948
1,Application_633119231
1,Application_1137251453
1,Application_566347979
1,Application_1145050189
1,Application_1220006118
1,Application_407461155
1,Application_1101581774
1,Application_308398565
1,Application_82743664
1,Application_1617657859
1,Application_1111057678
1,Application_1473563456
1,Application_1391267361
1,Application_211694290
1,Application_1085051521
1,Application_1417928243
1,Application_1164107164
1,Application_1546375758
1,Application_1884371893
1,Application_641457453
1,Application_829417575
1,Application_1145290276
1,Application_58295777
1,Application_1726806352
1,Application_564882176
1,Application_888438560
1,Application_42107893
1,Application_759241232
1,Application_1275708382
1,Application_1094370739
1,Application_254929735
1,Application_1111168705
1,Application_1598268086
1,Application_1969464423
1,Application_622417263
1,Application_1163291654
1,Application_118364998
1,Application_1903689163
1,Application_398276501
1,Application_631823084
1,Application_1226442731
1,Application_1793506570
1,Application_843181095
1,Application_663320149
1,Application_1922166710
1,Application_713675823
1,Application_1862468287
1,Application_1109500523
1,Application_787705956
1,Application_478367813
1,Application_656520046
1,Application_671264692
1,Application_200680287
1,Application_2045194309
1,Application_105906022
1,Application_1646642236
1,Application_1136188668
1,Application_2064221350
1,Application_80850284
1,Application_791487224
1,Application_841240578
1,Application_238546830
1,Application_1406835873
1,Application_1118140052
1,Application_966129944
1,Application_810658733
1,Application_1981500950
1,Application_907359229
1,Application_1308025514
1,Application_1920569696
1,Application_2032179032
1,Application_957614949
1,Application_1521502972
1,Application_845413592
1,Application_1314823602
1,Application_1750072176
1,Application_1824747835
1,Application_35944338
1,Application_507436089
1,Application_1008663678
1,Application_1469836149
1,Application_958218647
1,Application_1519103595
1,Application_1491300788
1,Application_1176924018
1,Application_1208202898
1,Application_250158591
1,Application_327149374
1,Application_399001926
1,Application_1839163450
1,Application_396092392
1,Application_2087713022
1,Application_1357377502
1,Application_2081673241
1,Application_1714501335
1,Application_1012862839
1,Application_890075702
1,Application_129573767
1,Application_608775916
1,Application_1264408299
1,Application_1835001438
1,Application_1339399261
1,Application_398311287
1,Application_1079589
1,Application_1489786126
1,Application_1778799137
1,Application_1364469216
1,Application_937270089
1,Application_994315361
1,Application_584717195
1,Application_397038537
1,Application_1523986735
1,Application_1225769256
1,Application_1225025970
1,Application_1995644843
1,Application_1672037226
1,Application_312224974
1,Application_1691065242
1,Application_1607821509
1,Application_2046377218
1,Application_1486220145
1,Application_449256078
1,Application_112299550
1,Application_590215732
1,Application_1140019355
1,Application_1248532589
1,Application_2029271670
1,Application_2047886665
1,Application_1157455039
1,Application_1600471037
1,Application_306812685
1,Application_940705047
1,Application_1475968760
1,Application_310417357
1,Application_637748400
1,Application_203590810
1,Application_906296960
1,Application_856935152
1,Application_1324210895
1,Application_1152706558
1,Application_354855594
1,Application_1481242369
1,Application_1801822059
1,Application_1444191625
1,Application_1331678337
1,Application_2048381730
1,Application_789334077
1,Application_972486124
1,Application_462882090
1,Application_391099640
1,Application_294586112
1,Application_95477936
1,Application_1859387169
1,Application_1811471028
1,Application_207339253
1,Application_74864529
1,Application_2008203162
1,Application_1919805494
1,Application_1283651073
1,Application_1128308263
1,Application_528406867
1,Application_1160716330
1,Application_175918237
1,Application_1022084723
1,Application_1721325720
1,Application_1140000103
1,Application_1300309831
1,Application_1371434911
1,Application_738077974
1,Application_323040575
1,Application_1201267547
1,Application_1880895995
1,Application_2066939992
1,Application_1620539143
1,Application_1690998892
1,Application_2116148116
1,Application_1278754356
1,Application_2115042059
1,Application_1713552898
1,Application_1018266027
1,Application_483931042
1,Application_1744217682
1,Application_1241999769
1,Application_21634890
1,Application_1971362714
1,Application_1610638954
1,Application_872415486
1,Application_525459142
1,Application_742173495
1,Application_1782952770
1,Application_563590726
1,Application_545474396
1,Application_1917346060
1,Application_2053888323
1,Application_491192717
1,Application_1079472664
1,Application_1263997961
1,Application_222629422
1,Application_233064512
1,Application_1795986679
1,Application_1511779865
1,Application_1957651168
1,Application_907136885
1,Application_586877291
1,Application_1785860221
1,Application_416694962
1,Application_592605828
1,Application_942057035
1,Application_1103698005
1,Application_1759206616
1,Application_1123320394
1,Application_910353899
1,Application_13944300
1,Application_519214643
1,Application_998522150
1,Application_78080859
1,Application_1070499420
1,Application_1434518975
1,Application_1679927360
1,Application_1557296300
1,Application_653567105
1,Application_295284443
1,Application_453833865
1,Application_368167256
