rule_id,predicted_class,conditions,n_cases,n_good,n_bad,share_bad
0,good,log_move_W-Call-after-offers-suspend <= 0.5 AND log_move_O-Returned <= 0.5 AND model_move_W-Call-after-offers-ate-abort <= 0.5,19,17,2,0.1053
1,good,log_move_W-Call-after-offers-suspend <= 0.5 AND log_move_O-Returned <= 0.5 AND model_move_W-Call-after-offers-ate-abort > 0.5,81,81,0,0.0
2,good,log_move_W-Call-after-offers-suspend <= 0.5 AND log_move_O-Returned > 0.5 AND model_move_W-Handle-leads-suspend <= 0.5 AND log_move_O-Cancelled <= 0.5 AND log_move_A-Denied <= 0.5,17,11,6,0.3529
3,good,log_move_W-Call-after-offers-suspend <= 0.5 AND log_move_O-Returned > 0.5 AND model_move_W-Handle-leads-suspend <= 0.5 AND log_move_O-Cancelled <= 0.5 AND log_move_A-Denied > 0.5,233,190,43,0.1845
4,good,log_move_W-Call-after-offers-suspend <= 0.5 AND log_move_O-Returned > 0.5 AND model_move_W-Handle-leads-suspend <= 0.5 AND log_move_O-Cancelled > 0.5,12,12,0,0.0
5,good,log_move_W-Call-after-offers-suspend <= 0.5 AND log_move_O-Returned > 0.5 AND model_move_W-Handle-leads-suspend > 0.5,27,16,11,0.4074
6,bad,log_move_W-Call-after-offers-suspend > 0.5 AND model_move_W-Complete-application-suspend <= 0.5 AND log_move_O-Create-Offer <= 0.5 AND log_move_W-Validate-application-suspend <= 2.5 AND log_move_W-Call-after-offers-suspend <= 2.5,1046,448,598,0.5717
7,good,log_move_W-Call-after-offers-suspend > 0.5 AND model_move_W-Complete-application-suspend <= 0.5 AND log_move_O-Create-Offer <= 0.5 AND log_move_W-Validate-application-suspend <= 2.5 AND log_move_W-Call-after-offers-suspend > 2.5,20,14,6,0.3
8,bad,log_move_W-Call-after-offers-suspend > 0.5 AND model_move_W-Complete-application-suspend <= 0.5 AND log_move_O-Create-Offer <= 0.5 AND log_move_W-Validate-application-suspend > 2.5 AND log_move_W-Call-after-offers-resume <= 0.5,152,47,105,0.6908
9,bad,log_move_W-Call-after-offers-suspend > 0.5 AND model_move_W-Complete-application-suspend <= 0.5 AND log_move_O-Create-Offer <= 0.5 AND log_move_W-Validate-application-suspend > 2.5 AND log_move_W-Call-after-offers-resume > 0.5,15,3,12,0.8
10,good,log_move_W-Call-after-offers-suspend > 0.5 AND model_move_W-Complete-application-suspend <= 0.5 AND log_move_O-Create-Offer > 0.5 AND log_move_O-Returned <= 0.5,15,11,4,0.2667
11,bad,log_move_W-Call-after-offers-suspend > 0.5 AND model_move_W-Complete-application-suspend <= 0.5 AND log_move_O-Create-Offer > 0.5 AND log_move_O-Returned > 0.5 AND log_move_W-Complete-application-suspend <= 0.5,374,106,268,0.7166
12,bad,log_move_W-Call-after-offers-suspend > 0.5 AND model_move_W-Complete-application-suspend <= 0.5 AND log_move_O-Create-Offer > 0.5 AND log_move_O-Returned > 0.5 AND log_move_W-Complete-application-suspend > 0.5,15,1,14,0.9333
13,good,log_move_W-Call-after-offers-suspend > 0.5 AND model_move_W-Complete-application-suspend > 0.5 AND log_move_O-Create-Offer <= 0.5 AND log_move_W-Assess-potential-fraud-resume <= 0.5 AND model_move_W-Call-incomplete-files-ate-abort <= 0.5,692,398,294,0.4249
14,bad,log_move_W-Call-after-offers-suspend > 0.5 AND model_move_W-Complete-application-suspend > 0.5 AND log_move_O-Create-Offer <= 0.5 AND log_move_W-Assess-potential-fraud-resume <= 0.5 AND model_move_W-Call-incomplete-files-ate-abort > 0.5,67,31,36,0.5373
15,bad,log_move_W-Call-after-offers-suspend > 0.5 AND model_move_W-Complete-application-suspend > 0.5 AND log_move_O-Create-Offer <= 0.5 AND log_move_W-Assess-potential-fraud-resume > 0.5 AND log_move_W-Validate-application-start <= 0.5,19,4,15,0.7895
16,bad,log_move_W-Call-after-offers-suspend > 0.5 AND model_move_W-Complete-application-suspend > 0.5 AND log_move_O-Create-Offer <= 0.5 AND log_move_W-Assess-potential-fraud-resume > 0.5 AND log_move_W-Validate-application-start > 0.5,15,5,10,0.6667
17,good,log_move_W-Call-after-offers-suspend > 0.5 AND model_move_W-Complete-application-suspend > 0.5 AND log_move_O-Create-Offer > 0.5 AND log_move_O-Returned <= 1.5 AND log_move_O-Returned <= 0.5,14,9,5,0.3571
18,bad,log_move_W-Call-after-offers-suspend > 0.5 AND model_move_W-Complete-application-suspend > 0.5 AND log_move_O-Create-Offer > 0.5 AND log_move_O-Returned <= 1.5 AND log_move_O-Returned > 0.5,244,94,150,0.6148
19,bad,log_move_W-Call-after-offers-suspend > 0.5 AND model_move_W-Complete-application-suspend > 0.5 AND log_move_O-Create-Offer > 0.5 AND log_move_O-Returned > 1.5,16,3,13,0.8125
